"id","name","swings_competitive","percent_swings_competitive","contact","avg_bat_speed","hard_swing_rate","squared_up_per_bat_contact","squared_up_per_swing","blast_per_bat_contact","blast_per_swing","swing_length","swords","batter_run_value","whiffs","whiff_per_swing","batted_ball_events","batted_ball_event_per_swing"
596295,"Gomber, Austin",320,0.935672514619883,266,"73.220150469",0.34375000000000006,0.35714285714285715,0.296875,0.15413533834586465,0.128125,"7.425720406",2,-1.0271994892975074,54,0.16875,150,0.46875
477132,"Kershaw, Clayton",216,0.9310344827586207,165,"72.987321991",0.34259259259259267,0.36363636363636365,0.2777777777777778,0.19393939393939394,0.14814814814814814,"7.53652875",3,-6.114432508520082,51,0.2361111111111111,86,0.39814814814814814
572971,"Keuchel, Dallas",231,0.9467213114754098,186,"72.926831255",0.3203463203463203,0.3333333333333333,0.2683982683982684,0.14516129032258066,0.11688311688311688,"7.625249913",4,-1.1192034080257567,45,0.19480519480519481,104,0.45021645021645024
543135,"Eovaldi, Nathan",195,0.9375,151,"72.786486667",0.317948717948718,0.33774834437086093,0.26153846153846155,0.152317880794702,0.11794871794871795,"7.418628872",7,-6.490211797526017,44,0.22564102564102564,71,0.3641025641025641
471911,"Carrasco, Carlos",255,0.9340659340659341,194,"72.710505686",0.3137254901960784,0.44329896907216493,0.33725490196078434,0.24742268041237114,0.18823529411764706,"7.564275843",3,12.62267788674675,61,0.23921568627450981,107,0.4196078431372549
628711,"Urías, Julio",348,0.9086161879895561,265,"72.71001819",0.3390804597701149,0.3018867924528302,0.22988505747126436,0.10943396226415095,0.08333333333333333,"7.343366322",6,2.2474670097509444,83,0.23850574712643677,137,0.3936781609195402
605288,"Houser, Adrian",382,0.9408866995073891,308,"72.693373927",0.3089005235602095,0.39285714285714285,0.31675392670157065,0.2305194805194805,0.18586387434554974,"7.296221518",4,-7.68378933846372,74,0.193717277486911,169,0.4424083769633508
642545,"Barria, Jaime",227,0.9227642276422764,183,"72.628628414",0.2819383259911894,0.3333333333333333,0.2687224669603524,0.14754098360655737,0.11894273127753303,"7.596915507",2,8.440128970338096,44,0.19383259911894274,99,0.43612334801762115
543475,"Lyles, Jordan",576,0.9381107491856677,467,"72.613673594",0.3194444444444444,0.3340471092077088,0.2708333333333333,0.15845824411134904,0.1284722222222222,"7.573927257",8,-7.08381907310893,109,0.1892361111111111,250,0.4340277777777778
607536,"Freeland, Kyle",385,0.918854415274463,328,"72.555817403",0.32467532467532473,0.3597560975609756,0.3064935064935065,0.15548780487804878,0.13246753246753246,"7.294445636",8,10.135720139122594,57,0.14805194805194805,176,0.45714285714285713
663903,"Singer, Brady",426,0.9200863930885529,324,"72.5521323",0.2652582159624414,0.37962962962962965,0.2887323943661972,0.19135802469135801,0.14553990610328638,"7.48611561",7,-7.502764661494339,102,0.23943661971830985,190,0.4460093896713615
682847,"Ortiz, Luis",238,0.9482071713147411,182,"72.539307353",0.30672268907563033,0.36813186813186816,0.2815126050420168,0.15934065934065933,0.12184873949579832,"7.457566765",0,-10.475093660845628,56,0.23529411764705882,96,0.40336134453781514
641712,"Hudson, Dakota",524,0.9323843416370107,426,"72.504782615",0.2881679389312978,0.3826291079812207,0.3110687022900763,0.18309859154929578,0.14885496183206107,"7.379618397",5,-10.01270290101543,98,0.18702290076335878,233,0.4446564885496183
650911,"Sánchez, Cristopher",463,0.9168316831683169,345,"72.486011965",0.31533477321814257,0.3565217391304348,0.265658747300216,0.1681159420289855,0.12526997840172785,"7.563323564",9,-6.824183969875433,118,0.2548596112311015,191,0.41252699784017277
500779,"Quintana, Jose",493,0.9079189686924494,391,"72.46897355",0.2920892494929006,0.3375959079283887,0.26774847870182555,0.13043478260869565,0.10344827586206896,"7.436281116",7,-16.92578712119876,102,0.20689655172413793,215,0.43610547667342797
682990,"Priester, Quinn",337,0.928374655647383,267,"72.44830816",0.30267062314540066,0.3895131086142322,0.3086053412462908,0.1947565543071161,0.1543026706231454,"7.494675786",7,-0.326993049542458,70,0.20771513353115728,151,0.44807121661721067
592866,"Williams, Trevor",398,0.9342723004694836,318,"72.402178266",0.30402010050251266,0.3081761006289308,0.24623115577889448,0.14779874213836477,0.11809045226130653,"7.290192714",2,7.8003692219604925,80,0.20100502512562815,159,0.39949748743718594
656849,"Peterson, David",397,0.8941441441441441,282,"72.389767935",0.3173803526448363,0.3120567375886525,0.2216624685138539,0.1773049645390071,0.12594458438287154,"7.372455567",14,-8.512744113641407,115,0.28967254408060455,131,0.32997481108312343
621389,"Blach, Ty",435,0.9235668789808917,373,"72.389540598",0.30574712643678165,0.34584450402144773,0.296551724137931,0.18230563002680966,0.15632183908045977,"7.324302368",8,4.572128055124712,62,0.1425287356321839,187,0.4298850574712644
672851,"Adon, Joan",368,0.934010152284264,291,"72.361047391",0.296195652173913,0.35051546391752575,0.27717391304347827,0.18900343642611683,0.14945652173913043,"7.313872663",4,-5.01649901791052,77,0.20923913043478262,140,0.3804347826086957
641540,"Dunning, Dane",528,0.8964346349745331,401,"72.32595303",0.28787878787878796,0.33915211970074816,0.25757575757575757,0.14713216957605985,0.11174242424242424,"7.509271042",14,-7.058160870453976,127,0.24053030303030304,209,0.3958333333333333
664285,"Valdez, Framber",565,0.9172077922077922,428,"72.305318071",0.2530973451327435,0.37850467289719625,0.2867256637168142,0.15654205607476634,0.11858407079646018,"7.451439611",11,-11.089712989883722,137,0.2424778761061947,227,0.40176991150442476
676664,"Sears, JP",535,0.9176672384219554,407,"72.30355415",0.27102803738317754,0.3316953316953317,0.2523364485981308,0.1597051597051597,0.12149532710280374,"7.457436404",9,5.581688330545907,128,0.23925233644859814,206,0.3850467289719626
579328,"Kikuchi, Yusei",530,0.9330985915492958,389,"72.302263113",0.2962264150943397,0.32904884318766064,0.24150943396226415,0.12596401028277635,0.09245283018867924,"7.318731528",6,-16.719339259175197,141,0.2660377358490566,191,0.360377358490566
656756,"Montgomery, Jordan",499,0.9139194139194139,380,"72.29797507",0.3046092184368738,0.35,0.2665330661322645,0.15526315789473685,0.11823647294589178,"7.583696413",14,-14.325542126594247,119,0.23847695390781562,217,0.4348697394789579
693821,"Elder, Bryce",458,0.94824016563147,360,"72.288799039",0.2882096069868996,0.375,0.29475982532751094,0.1638888888888889,0.12882096069868995,"7.424633297",7,-6.215927503706219,98,0.21397379912663755,197,0.43013100436681223
518876,"Kelly, Merrill",552,0.9419795221843004,412,"72.28777404",0.2952898550724637,0.2961165048543689,0.2210144927536232,0.13349514563106796,0.09963768115942029,"7.411897609",6,-13.354269822246925,140,0.2536231884057971,184,0.3333333333333333
489119,"Miley, Wade",340,0.9289617486338798,277,"72.285522941",0.2911764705882354,0.296028880866426,0.2411764705882353,0.10108303249097472,0.08235294117647059,"7.402366559",6,-10.544686761641444,63,0.18529411764705883,145,0.4264705882352941
666818,"Frías, Luis",178,0.9128205128205128,133,"72.27708573",0.24719101123595505,0.2706766917293233,0.20224719101123595,0.12030075187969924,0.0898876404494382,"7.613109607",3,-5.5232572815138985,45,0.25280898876404495,59,0.33146067415730335
682243,"Miller, Bryce",578,0.9475409836065574,438,"72.213939965",0.2318339100346021,0.3447488584474886,0.26124567474048443,0.1552511415525114,0.11764705882352941,"7.197522076",7,-2.962176327932033,140,0.2422145328719723,215,0.3719723183391003
571578,"Corbin, Patrick",455,0.9154929577464789,357,"72.199051714",0.2637362637362638,0.37254901960784315,0.2923076923076923,0.16246498599439776,0.12747252747252746,"7.535227987",13,-2.7195627545814602,98,0.2153846153846154,211,0.46373626373626375
666129,"Garrett, Braxton",431,0.9150743099787686,351,"72.196747587",0.2668213457076566,0.3732193732193732,0.3039443155452436,0.18518518518518517,0.15081206496519722,"7.408378794",7,-9.054753327092689,80,0.18561484918793503,196,0.4547563805104408
680686,"Gray, Josiah",432,0.9171974522292994,335,"72.185133819",0.2777777777777778,0.28955223880597014,0.22453703703703703,0.11044776119402985,0.08564814814814815,"7.447119468",3,-9.807430067778997,97,0.22453703703703703,157,0.36342592592592593
502043,"Gibson, Kyle",528,0.9263157894736842,399,"72.164560379",0.2973484848484849,0.40350877192982454,0.30492424242424243,0.20551378446115287,0.1553030303030303,"7.526901572",8,-6.0303604571736695,129,0.24431818181818182,236,0.44696969696969696
661309,"Martinez, Adrián",215,0.9033613445378151,174,"72.163785395",0.25581395348837205,0.3390804597701149,0.2744186046511628,0.15517241379310345,0.12558139534883722,"7.284434",8,-1.5042768209758872,41,0.19069767441860466,91,0.4232558139534884
669194,"Nelson, Ryne",343,0.9220430107526881,279,"72.159525364",0.28862973760932953,0.36200716845878134,0.2944606413994169,0.16487455197132617,0.13411078717201166,"7.21800242",2,3.060364515137944,64,0.18658892128279883,154,0.4489795918367347
656557,"Houck, Tanner",294,0.9216300940438872,219,"72.15429898",0.24829931972789127,0.3242009132420091,0.24149659863945577,0.1506849315068493,0.11224489795918367,"7.629200884",7,-7.566537036939994,75,0.25510204081632654,110,0.3741496598639456
664299,"Javier, Cristian",443,0.9229166666666667,325,"72.151421648",0.26636568848758463,0.3046153846153846,0.2234762979683973,0.12923076923076923,0.09480812641083522,"7.179176569",8,-11.84133528042449,118,0.26636568848758463,139,0.31376975169300225
664062,"Gonsolin, Tony",267,0.9335664335664335,210,"72.115900037",0.299625468164794,0.35714285714285715,0.2808988764044944,0.18095238095238095,0.14232209737827714,"7.438393483",4,-3.569409259781552,57,0.21348314606741572,101,0.3782771535580524
696136,"Wicks, Jordan",241,0.9341085271317829,187,"72.09528361",0.2448132780082988,0.3422459893048128,0.26556016597510373,0.12299465240641712,0.0954356846473029,"7.325754191",1,-4.345347782177541,54,0.22406639004149378,99,0.4107883817427386
596133,"Weaver, Luke",376,0.8995215311004785,287,"72.092650718",0.2579787234042553,0.29965156794425085,0.22872340425531915,0.14634146341463414,0.11170212765957446,"7.121068511",6,-0.5312889589052496,89,0.23670212765957446,144,0.3829787234042553
458681,"Lynn, Lance",577,0.9129746835443038,444,"72.072113362",0.2478336221837089,0.3333333333333333,0.2564991334488735,0.14864864864864866,0.11438474870017332,"7.208660901",9,-5.8276205010754705,133,0.23050259965337955,232,0.4020797227036395
666159,"Manning, Matt",326,0.9449275362318841,264,"72.057658528",0.27607361963190186,0.39015151515151514,0.3159509202453988,0.18181818181818182,0.147239263803681,"7.30489",2,-6.911129273867555,62,0.1901840490797546,145,0.4447852760736196
592332,"Gausman, Kevin",510,0.9306569343065694,359,"72.057046275",0.2568627450980393,0.2924791086350975,0.20588235294117646,0.11977715877437325,0.08431372549019608,"7.404948176",8,-4.534305578346002,151,0.296078431372549,163,0.3196078431372549
657746,"Ryan, Joe",477,0.9190751445086706,353,"72.056560818",0.25786163522012584,0.26912181303116145,0.19916142557651992,0.12181303116147309,0.09014675052410902,"7.181721719",5,3.664336350922426,124,0.259958071278826,137,0.28721174004192873
593958,"Rodriguez, Eduardo",530,0.9233449477351916,413,"72.043066943",0.27358490566037735,0.3268765133171913,0.25471698113207547,0.15980629539951574,0.12452830188679245,"7.270479302",13,-16.384057582803585,117,0.22075471698113208,206,0.3886792452830189
506433,"Darvish, Yu",289,0.8892307692307693,227,"72.030184983",0.25951557093425615,0.29515418502202645,0.23183391003460208,0.14537444933920704,0.11418685121107267,"7.347286877",5,-8.34819920672083,62,0.21453287197231835,106,0.36678200692041524
663623,"Irvin, Jake",461,0.9408163265306122,374,"72.02747013",0.2537960954446855,0.3074866310160428,0.24945770065075923,0.16310160427807488,0.13232104121475055,"7.089087223",4,-0.045996734937114425,87,0.18872017353579176,167,0.36225596529284165
669060,"Wilson, Bryse",217,0.9194915254237288,186,"72.025898203",0.2949308755760369,0.27419354838709675,0.2350230414746544,0.11827956989247312,0.10138248847926268,"7.235661429",4,-7.183081760481841,31,0.14285714285714285,87,0.4009216589861751
450203,"Morton, Charlie",420,0.89171974522293,297,"72.024251",0.2642857142857143,0.3569023569023569,0.2523809523809524,0.15488215488215487,0.10952380952380952,"7.495506143",10,-15.91726006895925,123,0.29285714285714287,153,0.36428571428571427
668678,"Gallen, Zac",584,0.9040247678018576,466,"72.021305976",0.2671232876712328,0.3905579399141631,0.3116438356164384,0.17381974248927037,0.1386986301369863,"7.308889572",12,-12.745249489126948,118,0.20205479452054795,235,0.4023972602739726
679525,"Marsh, Alec",464,0.9027237354085603,335,"72.008039138",0.29094827586206895,0.3641791044776119,0.2629310344827586,0.16417910447761194,0.11853448275862069,"7.478258341",12,0.853743823703133,129,0.27801724137931033,169,0.3642241379310345
682227,"Williamson, Brandon",469,0.916015625,371,"71.99989823",0.26439232409381663,0.3450134770889488,0.27292110874200426,0.13746630727762804,0.10874200426439233,"7.20616838",4,-10.761160574651486,98,0.208955223880597,193,0.4115138592750533
676710,"Crawford, Kutter",523,0.9159369527145359,391,"71.991954168",0.2409177820267687,0.2608695652173913,0.1950286806883365,0.10741687979539642,0.08030592734225621,"7.333756597",7,-17.748125382765714,132,0.25239005736137665,159,0.30401529636711283
502171,"Cobb, Alex",394,0.8954545454545455,322,"71.983079213",0.24619289340101524,0.391304347826087,0.3197969543147208,0.17391304347826086,0.14213197969543148,"7.29624",6,4.350847864079483,72,0.18274111675126903,185,0.46954314720812185
663567,"Lambert, Peter",357,0.9153846153846154,285,"71.982972577",0.27731092436974797,0.3824561403508772,0.30532212885154064,0.17192982456140352,0.13725490196078433,"7.226488319",5,-4.739636977204127,72,0.20168067226890757,157,0.43977591036414565
672282,"Detmers, Reid",470,0.9090909090909091,367,"71.969551426",0.2404255319148937,0.28337874659400547,0.22127659574468084,0.13896457765667575,0.10851063829787234,"7.438080766",6,-9.932809424935677,103,0.21914893617021278,167,0.3553191489361702
669022,"Gore, MacKenzie",348,0.90625,264,"71.958028534",0.24425287356321843,0.25757575757575757,0.19540229885057472,0.11742424242424243,0.08908045977011494,"7.207392701",3,-4.76324256712012,84,0.2413793103448276,115,0.33045977011494254
676130,"Buttó, José",218,0.9159663865546218,155,"71.952193807",0.23394495412844035,0.34838709677419355,0.24770642201834864,0.14838709677419354,0.10550458715596331,"7.37975133",1,-13.415836411534478,63,0.2889908256880734,71,0.3256880733944954
694297,"Pfaadt, Brandon",486,0.8884826325411335,375,"71.942780905",0.2551440329218107,0.344,0.2654320987654321,0.14933333333333335,0.11522633744855967,"7.378522613",7,1.9851060686516053,111,0.22839506172839505,195,0.4012345679012346
542881,"Anderson, Tyler",430,0.9168443496801706,311,"71.940039186",0.2116279069767442,0.2990353697749196,0.21627906976744185,0.1189710610932476,0.08604651162790698,"7.496603721",4,-10.318602548642064,119,0.27674418604651163,157,0.36511627906976746
622098,"Smith, Drew",227,0.9153225806451613,167,"71.93517022",0.2643171806167401,0.281437125748503,0.20704845814977973,0.09580838323353294,0.07048458149779736,"7.340639163",3,-5.1023889096778134,60,0.2643171806167401,69,0.3039647577092511
675540,"Curry, Xzavion",309,0.9169139465875371,240,"71.934871553",0.23300970873786406,0.4375,0.33980582524271846,0.16666666666666666,0.12944983818770225,"7.352591392",6,-3.0248422998891353,69,0.22330097087378642,142,0.459546925566343
657277,"Webb, Logan",573,0.9301948051948052,476,"71.930707731",0.2547993019197209,0.3592436974789916,0.29842931937172773,0.18067226890756302,0.15008726003490402,"7.298720942",9,-14.705004281997258,97,0.16928446771378708,246,0.4293193717277487
663941,"Beck, Tristan",265,0.9075342465753424,208,"71.916955925",0.25283018867924534,0.35096153846153844,0.27547169811320754,0.12980769230769232,0.1018867924528302,"7.446725245",4,-6.1240940125383485,57,0.21509433962264152,112,0.4226415094339623
666205,"Muller, Kyle",224,0.9491525423728814,178,"71.914560491",0.25892857142857145,0.3089887640449438,0.24553571428571427,0.1404494382022472,0.11160714285714286,"7.367455982",3,2.6803421793720767,46,0.20535714285714285,83,0.3705357142857143
541640,"Ramírez, Erasmo",265,0.916955017301038,202,"71.898945472",0.2679245283018869,0.3118811881188119,0.23773584905660378,0.13861386138613863,0.10566037735849057,"7.446508528",3,2.7329103986295973,63,0.23773584905660378,104,0.39245283018867927
592836,"Walker, Taijuan",491,0.9075785582255084,404,"71.898608859",0.2810590631364562,0.400990099009901,0.329938900203666,0.16831683168316833,0.1384928716904277,"7.307300794",10,-10.857651679509111,87,0.17718940936863545,224,0.45621181262729127
666142,"Ragans, Cole",528,0.9134948096885813,361,"71.882856345",0.2272727272727273,0.2853185595567867,0.19507575757575757,0.11357340720221606,0.07765151515151515,"7.461109223",10,-25.276380228530293,167,0.3162878787878788,158,0.29924242424242425
628317,"Maeda, Kenta",502,0.8948306595365418,363,"71.878164064",0.25099601593625503,0.3140495867768595,0.22709163346613545,0.13774104683195593,0.099601593625498,"7.497572839",8,-12.88761635027095,139,0.27689243027888444,170,0.3386454183266932
641927,"Ober, Bailey",477,0.9226305609284333,328,"71.869533438",0.23689727463312377,0.3018292682926829,0.20754716981132076,0.10365853658536585,0.07127882599580712,"7.321748218",6,-9.009318019962894,149,0.31236897274633124,147,0.3081761006289308
664353,"Urquidy, José",259,0.8900343642611683,203,"71.853368764",0.25096525096525096,0.270935960591133,0.21235521235521235,0.09852216748768473,0.07722007722007722,"7.391263668",3,-8.376607683934163,56,0.21621621621621623,95,0.3667953667953668
657376,"Schmidt, Clarke",485,0.9168241965973535,389,"71.853331918",0.2515463917525772,0.3059125964010283,0.24536082474226803,0.13881748071979436,0.11134020618556702,"7.251804021",15,-4.8520802259782805,96,0.1979381443298969,209,0.4309278350515464
607625,"Lugo, Seth",523,0.9095652173913044,414,"71.842112505",0.23709369024856594,0.38164251207729466,0.30210325047801145,0.1859903381642512,0.14722753346080306,"7.225144111",14,-7.581960233226686,109,0.2084130019120459,218,0.4168260038240918
691587,"Pérez, Eury",296,0.9079754601226994,196,"71.837020034",0.2432432432432433,0.3163265306122449,0.20945945945945946,0.10714285714285714,0.07094594594594594,"7.530799155",4,-5.775617943625315,100,0.33783783783783783,87,0.2939189189189189
605483,"Snell, Blake",501,0.8743455497382199,330,"71.836792735",0.2335329341317366,0.30606060606060603,0.20159680638722555,0.11212121212121212,0.07385229540918163,"7.553788782",17,-36.25126508816521,171,0.3413173652694611,168,0.33532934131736525
656731,"Megill, Tylor",377,0.8747099767981439,296,"71.833871565",0.22015915119363397,0.375,0.29442970822281167,0.18243243243243243,0.14323607427055704,"7.095585809",5,-3.8418714403423992,81,0.21485411140583555,152,0.40318302387267907
456501,"Cueto, Johnny",392,0.9223529411764706,312,"71.821380893",0.21938775510204084,0.2980769230769231,0.2372448979591837,0.11858974358974358,0.09438775510204081,"7.133542296",2,-4.282453409729609,80,0.20408163265306123,143,0.3647959183673469
678394,"Bello, Brayan",567,0.9310344827586207,441,"71.8169406",0.24514991181657853,0.35827664399092973,0.2786596119929453,0.17006802721088435,0.13227513227513227,"7.359757213",8,0.01891113676199918,126,0.2222222222222222,232,0.4091710758377425
666200,"Luzardo, Jesús",504,0.9130434782608695,354,"71.814310635",0.25793650793650796,0.3163841807909605,0.2222222222222222,0.14124293785310735,0.0992063492063492,"7.542435371",13,-9.142581286354929,150,0.2976190476190476,174,0.34523809523809523
502624,"Anderson, Chase",235,0.9362549800796812,187,"71.810448979",0.2510638297872341,0.3048128342245989,0.2425531914893617,0.10695187165775401,0.0851063829787234,"7.340182085",1,-12.672917146914235,48,0.20425531914893616,95,0.40425531914893614
607074,"Rodón, Carlos",512,0.9292196007259528,385,"71.808240215",0.23046875000000003,0.3012987012987013,0.2265625,0.10909090909090909,0.08203125,"7.223992818",9,-5.695476433283886,127,0.248046875,160,0.3125
601713,"Pivetta, Nick",471,0.8486486486486486,331,"71.805271359",0.2611464968152867,0.311178247734139,0.21868365180467092,0.13595166163141995,0.09554140127388536,"7.321544374",18,-10.536155599439136,140,0.29723991507430997,147,0.31210191082802546
596001,"Junis, Jakob",235,0.8867924528301887,175,"71.802075745",0.27234042553191495,0.30857142857142855,0.2297872340425532,0.12,0.08936170212765958,"7.563459617",6,-6.215264651564786,60,0.2553191489361702,91,0.3872340425531915
548389,"Stripling, Ross",331,0.9068493150684932,258,"71.789075045",0.20543806646525684,0.3992248062015504,0.311178247734139,0.15503875968992248,0.12084592145015106,"7.375697372",4,-3.0312820948137373,73,0.22054380664652568,150,0.45317220543806647
571945,"Mikolas, Miles",644,0.9387755102040817,532,"71.787340714",0.25776397515527955,0.3609022556390977,0.2981366459627329,0.17293233082706766,0.14285714285714285,"7.203701242",2,2.0888768308156225,112,0.17391304347826086,277,0.4301242236024845
665871,"Assad, Javier",406,0.9290617848970252,326,"71.777335542",0.2389162561576356,0.34355828220858897,0.27586206896551724,0.1656441717791411,0.1330049261083744,"7.115622931",6,-14.812928204476023,80,0.19704433497536947,179,0.4408866995073892
641793,"Littell, Zack",454,0.9134808853118712,367,"71.767571894",0.22687224669603528,0.33242506811989103,0.2687224669603524,0.16076294277929154,0.1299559471365639,"7.327724383",5,-7.626679167245975,87,0.19162995594713655,203,0.44713656387665196
641585,"France, J.P.",488,0.9277566539923955,393,"71.767031066",0.23975409836065578,0.361323155216285,0.29098360655737704,0.16539440203562342,0.13319672131147542,"7.37943291",3,-13.261771719454252,95,0.19467213114754098,208,0.4262295081967213
622491,"Castillo, Luis",697,0.9207397622192867,504,"71.764615954",0.24820659971305595,0.2996031746031746,0.21664275466284075,0.11706349206349206,0.08464849354375897,"7.293672267",6,-20.099355462375236,193,0.2769010043041607,223,0.3199426111908178
425794,"Wainwright, Adam",276,0.9261744966442953,251,"71.75951529",0.23913043478260876,0.4262948207171315,0.38768115942028986,0.21115537848605578,0.19202898550724637,"7.393153297",2,8.131171038496012,25,0.09057971014492754,161,0.5833333333333334
673540,"Senga, Kodai",515,0.8972125435540069,382,"71.751995262",0.25825242718446606,0.31413612565445026,0.23300970873786409,0.13089005235602094,0.0970873786407767,"7.375517728",10,-20.48015263904751,133,0.258252427184466,170,0.3300970873786408
650644,"Civale, Aaron",491,0.9246704331450094,387,"71.74812169",0.25458248472505096,0.3178294573643411,0.2505091649694501,0.12919896640826872,0.10183299389002037,"7.374716965",8,-13.05216736560181,104,0.21181262729124237,180,0.3665987780040733
622663,"Severino, Luis",393,0.8972602739726028,316,"71.746967226",0.23918575063613234,0.29430379746835444,0.2366412213740458,0.1360759493670886,0.10941475826972011,"7.246947583",5,6.8819591329958465,77,0.19592875318066158,136,0.3460559796437659
669302,"Gilbert, Logan",621,0.9105571847507331,469,"71.746876683",0.2206119162640902,0.35181236673773986,0.26570048309178745,0.15565031982942432,0.11755233494363929,"7.397875113",14,-11.093992084856891,152,0.24476650563607086,231,0.3719806763285024
453286,"Scherzer, Max",436,0.8989690721649485,315,"71.73429133",0.22477064220183482,0.2984126984126984,0.21559633027522937,0.12698412698412698,0.09174311926605505,"7.407911353",11,-21.084138939611343,121,0.2775229357798165,143,0.32798165137614677
665795,"Cabrera, Edward",214,0.8991596638655462,165,"71.728462991",0.2429906542056075,0.23030303030303031,0.17757009345794392,0.07272727272727272,0.056074766355140186,"7.399596075",13,-8.848264538237816,49,0.22897196261682243,73,0.3411214953271028
542888,"Armstrong, Shawn",251,0.9194139194139194,185,"71.721320478",0.23904382470119523,0.2702702702702703,0.199203187250996,0.10270270270270271,0.07569721115537849,"7.057002351",3,-11.78775990837579,66,0.26294820717131473,88,0.350597609561753
663362,"Waldron, Matt",262,0.9290780141843972,213,"71.713000382",0.2557251908396947,0.29577464788732394,0.24045801526717558,0.13615023474178403,0.11068702290076336,"7.137701096",0,-5.891010904668206,49,0.18702290076335878,108,0.4122137404580153
674003,"Bradford, Cody",222,0.9098360655737705,177,"71.711937117",0.22522522522522528,0.3163841807909605,0.25225225225225223,0.1694915254237288,0.13513513513513514,"7.223505811",4,1.2022331837283535,45,0.20270270270270271,84,0.3783783783783784
640448,"Finnegan, Kyle",211,0.890295358649789,161,"71.711180095",0.27962085308056883,0.36024844720496896,0.27488151658767773,0.15527950310559005,0.11848341232227488,"7.145905545",5,-1.722094874611391,50,0.23696682464454977,83,0.3933649289099526
669947,"Scholtens, Jesse",376,0.910411622276029,306,"71.703488936",0.2632978723404255,0.38235294117647056,0.31117021276595747,0.16993464052287582,0.13829787234042554,"7.321282473",5,0.19741880964684855,70,0.18617021276595744,172,0.4574468085106383
607067,"Rea, Colin",336,0.9155313351498637,258,"71.702668185",0.22619047619047625,0.3372093023255814,0.25892857142857145,0.13178294573643412,0.10119047619047619,"7.226416756",9,-3.4886797538079297,78,0.23214285714285715,116,0.34523809523809523
645261,"Alcantara, Sandy",504,0.9333333333333333,382,"71.701765933",0.21825396825396828,0.3193717277486911,0.24206349206349206,0.12041884816753927,0.09126984126984126,"7.255291944",7,-12.700311311152339,122,0.24206349206349206,190,0.376984126984127
671106,"Allen, Logan",399,0.908883826879271,309,"71.696918947",0.22807017543859653,0.3818770226537217,0.2957393483709273,0.1553398058252427,0.12030075187969924,"7.388570501",4,-8.550340797628014,90,0.22556390977443608,166,0.41604010025062654
592767,"Smyly, Drew",328,0.8586387434554974,232,"71.685202012",0.22865853658536592,0.3232758620689655,0.22865853658536586,0.10775862068965517,0.07621951219512195,"7.524933567",10,4.215651720698631,96,0.2926829268292683,112,0.34146341463414637
519151,"Pressly, Ryan",191,0.9271844660194175,133,"71.683618639",0.2460732984293194,0.39849624060150374,0.2774869109947644,0.22556390977443608,0.15706806282722513,"7.359285497",3,-0.036846161692586143,58,0.3036649214659686,73,0.38219895287958117
670046,"Rosenberg, Kenny",231,0.927710843373494,177,"71.680293203",0.2640692640692641,0.2768361581920904,0.21212121212121213,0.13559322033898305,0.1038961038961039,"7.555837359",3,-8.682023899304754,54,0.23376623376623376,92,0.39826839826839827
676440,"Bibee, Tanner",467,0.871268656716418,347,"71.671795246",0.24197002141327628,0.33429394812680113,0.24839400428265523,0.1440922190201729,0.10706638115631692,"7.367855011",14,-20.03428433104925,120,0.2569593147751606,175,0.3747323340471092
621112,"Blackburn, Paul",456,0.8888888888888888,344,"71.667564035",0.23026315789473695,0.32558139534883723,0.24561403508771928,0.1308139534883721,0.09868421052631579,"7.457165285",10,-14.487880737697381,112,0.24561403508771928,168,0.3684210526315789
642216,"Winans, Allan",230,0.9349593495934959,176,"71.659501739",0.2043478260869566,0.3352272727272727,0.2565217391304348,0.17613636363636365,0.13478260869565217,"7.455287391",3,-1.8319165775696877,54,0.23478260869565218,91,0.39565217391304347
665152,"Kremer, Dean",564,0.9415692821368948,438,"71.654924255",0.24645390070922,0.2831050228310502,0.2198581560283688,0.11187214611872145,0.08687943262411348,"7.288257216",6,-26.71030488515404,126,0.22340425531914893,200,0.3546099290780142
656605,"Keller, Mitch",531,0.8909395973154363,402,"71.65214823",0.24105461393596994,0.36069651741293535,0.2730696798493409,0.17164179104477612,0.12994350282485875,"7.067044802",10,-0.09268175671695222,129,0.24293785310734464,217,0.4086629001883239
663986,"Stephan, Trevor",221,0.91701244813278,152,"71.648633846",0.20814479638009054,0.34210526315789475,0.23529411764705882,0.1513157894736842,0.10407239819004525,"7.510946742",2,-9.514576162520482,69,0.31221719457013575,74,0.334841628959276
434378,"Verlander, Justin",638,0.8848821081830791,510,"71.645854702",0.24921630094043892,0.3254901960784314,0.2601880877742947,0.1411764705882353,0.11285266457680251,"7.280811489",13,-21.912327479182913,128,0.2006269592476489,236,0.36990595611285265
593576,"Neris, Héctor",219,0.9240506329113924,161,"71.643433425",0.23287671232876717,0.2857142857142857,0.2100456621004566,0.08074534161490683,0.0593607305936073,"7.388455571",4,-10.910294022694478,58,0.2648401826484018,64,0.2922374429223744
670912,"Oviedo, Johan",525,0.8913412563667232,406,"71.641803676",0.2247619047619048,0.31527093596059114,0.2438095238095238,0.1330049261083744,0.10285714285714286,"7.483354533",13,-21.12361946770539,119,0.22666666666666666,195,0.37142857142857144
686218,"Sheehan, Emmet",315,0.9183673469387755,215,"71.640017746",0.2126984126984127,0.27906976744186046,0.19047619047619047,0.10697674418604651,0.07301587301587302,"7.215037619",0,-7.5245006427649574,100,0.31746031746031744,92,0.2920634920634921
680723,"Rom, Drew",268,0.9436619718309859,226,"71.639887724",0.2201492537313433,0.37168141592920356,0.31343283582089554,0.1902654867256637,0.16044776119402984,"7.086465261",2,7.3582136741196695,42,0.15671641791044777,116,0.43283582089552236
605400,"Nola, Aaron",551,0.9214046822742475,416,"71.628401234",0.23411978221415614,0.32211538461538464,0.24319419237749546,0.15384615384615385,0.1161524500907441,"7.532418766",12,-7.79106411698297,135,0.24500907441016334,201,0.3647912885662432
448179,"Hill, Rich",341,0.9069148936170213,282,"71.623366686",0.21700879765395897,0.37943262411347517,0.31378299120234604,0.17375886524822695,0.1436950146627566,"7.185042522",6,6.020797550483776,59,0.17302052785923755,151,0.44281524926686217
680694,"Bradish, Kyle",499,0.8990990990990991,376,"71.620512786",0.22645290581162322,0.3484042553191489,0.2625250501002004,0.13031914893617022,0.09819639278557114,"7.202053968",13,-23.516583463608868,123,0.24649298597194388,196,0.3927855711422846
657053,"Toussaint, Touki",433,0.8836734693877552,335,"71.608663025",0.23094688221709017,0.33134328358208953,0.25635103926096997,0.14925373134328357,0.11547344110854503,"7.463720416",5,-8.097856851285295,98,0.22632794457274827,167,0.3856812933025404
621107,"Eflin, Zach",494,0.9148148148148149,389,"71.600141417",0.23076923076923078,0.31362467866323906,0.24696356275303644,0.12853470437017994,0.10121457489878542,"7.421470385",7,-8.620454446518364,105,0.2125506072874494,196,0.3967611336032389
689225,"Brieske, Beau",281,0.9243421052631579,223,"71.599328256",0.2419928825622777,0.2645739910313901,0.2099644128113879,0.10762331838565023,0.08540925266903915,"7.28912427",4,-4.60052865183623,58,0.20640569395017794,99,0.35231316725978645
681857,"Olson, Reese",448,0.9050505050505051,334,"71.597550446",0.24999999999999994,0.40119760479041916,0.29910714285714285,0.19461077844311378,0.14508928571428573,"7.452244933",14,-7.616746258998063,114,0.2544642857142857,174,0.38839285714285715
671737,"Bradley, Taj",324,0.8975069252077562,249,"71.588737438",0.2592592592592593,0.3172690763052209,0.24382716049382716,0.13654618473895583,0.10493827160493827,"7.149766089",3,-3.749000559258077,75,0.23148148148148148,114,0.35185185185185186
663559,"Falter, Bailey",267,0.9112627986348123,214,"71.58776794",0.23970037453183526,0.32710280373831774,0.26217228464419473,0.14018691588785046,0.11235955056179775,"7.335995433",5,-4.647082761778304,53,0.19850187265917604,109,0.40823970037453183
592351,"Gray, Jon",448,0.8977955911823647,333,"71.5859825",0.2566964285714286,0.3813813813813814,0.28348214285714285,0.15615615615615616,0.11607142857142858,"7.255797612",11,-4.506110389611976,115,0.25669642857142855,174,0.38839285714285715
670280,"Bednar, David",254,0.872852233676976,183,"71.583324528",0.22834645669291342,0.30601092896174864,0.2204724409448819,0.11475409836065574,0.08267716535433071,"7.180121457",6,-7.646740012175355,71,0.2795275590551181,74,0.29133858267716534
671096,"Abbott, Andrew",498,0.9054545454545454,384,"71.576405442",0.21485943775100402,0.3151041666666667,0.2429718875502008,0.15364583333333334,0.11847389558232932,"7.274301687",13,-8.142868805666422,114,0.2289156626506024,175,0.3514056224899598
669923,"Kirby, George",652,0.9394812680115274,491,"71.574834141",0.24079754601226996,0.29327902240325865,0.22085889570552147,0.11812627291242363,0.08895705521472393,"7.097020065",3,-14.149684252648278,161,0.2469325153374233,225,0.3450920245398773
672582,"Zerpa, Angel",307,0.908284023668639,248,"71.561346612",0.22475570032573294,0.3467741935483871,0.28013029315960913,0.13306451612903225,0.10749185667752444,"7.20916798",1,-3.75620554971896,59,0.19218241042345277,120,0.39087947882736157
606160,"Montero, Rafael",235,0.8969465648854962,163,"71.560924085",0.2212765957446809,0.2331288343558282,0.16170212765957448,0.0736196319018405,0.05106382978723404,"7.127423574",6,-4.438690072072362,72,0.30638297872340425,64,0.2723404255319149
608337,"Giolito, Lucas",510,0.8542713567839196,372,"71.555554412",0.24901960784313723,0.33602150537634407,0.24509803921568626,0.16666666666666666,0.12156862745098039,"7.509801843",9,9.099155910974158,138,0.27058823529411763,176,0.34509803921568627
547943,"Ryu, Hyun Jin",350,0.9162303664921466,283,"71.551646943",0.21142857142857144,0.3462897526501767,0.28,0.1696113074204947,0.13714285714285715,"7.363795457",5,-5.26242648694296,67,0.19142857142857142,158,0.4514285714285714
656412,"Faedo, Alex",213,0.8949579831932774,170,"71.543751362",0.22065727699530516,0.3235294117647059,0.25821596244131456,0.1411764705882353,0.11267605633802817,"7.469906854",4,-9.421043915299219,43,0.20187793427230047,89,0.41784037558685444
600917,"Leclerc, José",201,0.8589743589743589,135,"71.529950746",0.24875621890547267,0.24444444444444444,0.16417910447761194,0.1111111111111111,0.07462686567164178,"7.645651343",10,-14.774280123560068,66,0.3283582089552239,61,0.3034825870646766
669203,"Burnes, Corbin",567,0.9101123595505618,414,"71.521446825",0.2239858906525573,0.2898550724637681,0.21164021164021163,0.0893719806763285,0.06525573192239859,"7.42357806",10,-29.3511344750248,153,0.2698412698412698,201,0.3544973544973545
661440,"Llovera, Mauricio",227,0.9190283400809717,193,"71.520708194",0.2555066079295155,0.3626943005181347,0.30837004405286345,0.15544041450777202,0.13215859030837004,"7.245083568",3,-1.926615362274223,34,0.14977973568281938,101,0.44493392070484583
624133,"Suárez, Ranger",408,0.9147982062780269,322,"71.514878922",0.2450980392156863,0.32298136645962733,0.2549019607843137,0.13664596273291926,0.10784313725490197,"7.372877426",6,-1.615487484582816,86,0.2107843137254902,172,0.4215686274509804
663776,"Sandoval, Patrick",451,0.898406374501992,336,"71.505679135",0.21507760532150783,0.3005952380952381,0.22394678492239467,0.10416666666666667,0.07760532150776053,"7.408244412",9,-7.742188296724267,115,0.2549889135254989,154,0.34146341463414637
666974,"Cano, Yennier",200,0.9216589861751152,147,"71.4876311",0.21000000000000005,0.3469387755102041,0.255,0.1836734693877551,0.135,"7.40910465",3,-7.232962526786132,53,0.265,83,0.415
662253,"Muñoz, Andrés",237,0.8810408921933085,145,"71.486298143",0.23206751054852326,0.3448275862068966,0.2109704641350211,0.15862068965517243,0.0970464135021097,"7.340823038",3,-8.374615290474724,92,0.3881856540084388,74,0.31223628691983124
571863,"Koch, Matt",232,0.9317269076305221,182,"71.482026595",0.26724137931034486,0.3791208791208791,0.2974137931034483,0.1813186813186813,0.14224137931034483,"7.032826681",3,0.021231109403816006,50,0.21551724137931033,93,0.40086206896551724
592789,"Syndergaard, Noah",235,0.9215686274509803,201,"71.480245702",0.18723404255319154,0.36318407960199006,0.31063829787234043,0.1791044776119403,0.15319148936170213,"7.268510894",1,1.0395289865219346,34,0.14468085106382977,105,0.44680851063829785
656464,"Ginkel, Kevin",187,0.8657407407407407,130,"71.478070535",0.25133689839572193,0.2923076923076923,0.20320855614973263,0.14615384615384616,0.10160427807486631,"7.216098128",12,-10.468784418527841,57,0.3048128342245989,57,0.3048128342245989
660261,"Fujinami, Shintaro",238,0.9118773946360154,174,"71.473514034",0.21848739495798325,0.28160919540229884,0.20588235294117646,0.11494252873563218,0.08403361344537816,"7.262383445",3,-8.858825843885755,64,0.2689075630252101,77,0.3235294117647059
607179,"Weems, Jordan",217,0.8966942148760331,157,"71.472744286",0.1981566820276498,0.3375796178343949,0.24423963133640553,0.1337579617834395,0.0967741935483871,"7.286393548",5,-5.379587810051614,60,0.2764976958525346,79,0.3640552995391705
543037,"Cole, Gerrit",652,0.9235127478753541,493,"71.469939571",0.20858895705521477,0.2961460446247465,0.22392638036809817,0.10953346855983773,0.08282208588957055,"7.229473788",11,-41.31079776273468,159,0.24386503067484663,220,0.3374233128834356
657006,"Steele, Justin",602,0.8839941262848752,472,"71.467086678",0.2159468438538206,0.2923728813559322,0.2292358803986711,0.1461864406779661,0.11461794019933555,"7.121379718",19,-5.5120708874213244,130,0.2159468438538206,211,0.3504983388704319
656578,"Jackson, Andre",287,0.9169329073482428,216,"71.464413589",0.20557491289198612,0.375,0.28222996515679444,0.1388888888888889,0.10452961672473868,"7.327692857",4,-11.961155710425286,71,0.24738675958188153,107,0.37282229965156793
622072,"Wood, Alex",343,0.9026315789473685,281,"71.463297259",0.2594752186588921,0.35231316725978645,0.2886297376093295,0.09608540925266904,0.07871720116618076,"7.326095423",4,-7.981350921094632,62,0.18075801749271136,145,0.4227405247813411
666277,"Soriano, George",232,0.8754716981132076,165,"71.444703664",0.21551724137931036,0.37575757575757573,0.2672413793103448,0.15757575757575756,0.11206896551724138,"7.379147931",5,-1.564078997779192,67,0.28879310344827586,87,0.375
650556,"Abreu, Bryan",172,0.882051282051282,110,"71.444325116",0.18604651162790697,0.32727272727272727,0.20930232558139536,0.15454545454545454,0.09883720930232558,"7.415047616",5,-13.789920609434478,62,0.36046511627906974,55,0.31976744186046513
656302,"Cease, Dylan",560,0.896,403,"71.443888196",0.24107142857142858,0.3027295285359802,0.21785714285714286,0.10421836228287841,0.075,"7.353813345",27,-9.712456900018381,157,0.28035714285714286,189,0.3375
641941,"Pagán, Emilio",234,0.9629629629629629,175,"71.442038761",0.22649572649572652,0.3028571428571429,0.2264957264957265,0.07428571428571429,0.05555555555555555,"7.159468547",0,-17.553394730891377,59,0.25213675213675213,75,0.32051282051282054
672578,"Hernández, Carlos",223,0.9065040650406504,161,"71.439731704",0.2242152466367713,0.32919254658385094,0.23766816143497757,0.12422360248447205,0.08968609865470852,"7.263273543",7,-0.010461882546803636,62,0.27802690582959644,74,0.33183856502242154
686610,"Waldichuk, Ken",494,0.8805704099821747,368,"71.436045202",0.2064777327935223,0.32065217391304346,0.2388663967611336,0.1331521739130435,0.09919028340080972,"7.307340101",8,-14.873203083503766,126,0.2550607287449393,182,0.3684210526315789
543294,"Hendricks, Kyle",548,0.9118136439267887,423,"71.434975073",0.21897810218978106,0.34278959810874704,0.2645985401459854,0.15130023640661938,0.11678832116788321,"7.490815931",7,-8.634909911525188,125,0.2281021897810219,254,0.4635036496350365
693433,"Woo, Bryan",374,0.8926014319809069,276,"71.432829893",0.25401069518716574,0.2717391304347826,0.20053475935828877,0.08333333333333333,0.06149732620320856,"6.821066075",4,-6.166772194504107,98,0.2620320855614973,136,0.36363636363636365
572020,"Paxton, James",340,0.8970976253298153,263,"71.431889382",0.19411764705882356,0.3231939163498099,0.25,0.1444866920152091,0.11176470588235295,"7.238554088",11,1.526647390296393,77,0.22647058823529412,117,0.34411764705882353
571760,"Heaney, Andrew",447,0.8922155688622755,334,"71.429745839",0.2304250559284117,0.3263473053892216,0.24384787472035793,0.1407185628742515,0.10514541387024609,"7.346995436",9,-10.026863096167169,113,0.25279642058165547,164,0.3668903803131991
656427,"Flaherty, Jack",392,0.8990825688073395,295,"71.405363036",0.22193877551020408,0.3423728813559322,0.2576530612244898,0.15254237288135594,0.11479591836734694,"7.326030561",6,2.681531746570376,97,0.24744897959183673,148,0.37755102040816324
600921,"Machado, Andrés",214,0.9029535864978903,162,"71.399816589",0.22897196261682248,0.2716049382716049,0.205607476635514,0.14814814814814814,0.11214953271028037,"7.292996822",5,-4.522421076615597,52,0.24299065420560748,78,0.3644859813084112
641360,"Bickford, Phil",253,0.8846153846153846,184,"71.386111028",0.2173913043478261,0.33695652173913043,0.2450592885375494,0.1358695652173913,0.09881422924901186,"7.05985917",6,-8.65359643765134,69,0.2727272727272727,88,0.34782608695652173
669212,"Morgan, Eli",236,0.8489208633093526,175,"71.38053839",0.22033898305084748,0.32571428571428573,0.24152542372881355,0.12,0.08898305084745763,"7.38232428",4,1.0492443043248305,61,0.2584745762711864,80,0.3389830508474576
608032,"Estévez, Carlos",237,0.8745387453874539,177,"71.368498734",0.2025316455696203,0.2598870056497175,0.1940928270042194,0.11864406779661017,0.08860759493670886,"6.956521688",2,4.23492381380283,60,0.25316455696202533,72,0.3037974683544304
543243,"Gray, Sonny",528,0.899488926746167,420,"71.367552538",0.22537878787878798,0.3380952380952381,0.2689393939393939,0.12142857142857143,0.09659090909090909,"7.215552121",20,-21.49654938481555,108,0.20454545454545456,217,0.4109848484848485
641154,"López, Pablo",589,0.9047619047619048,425,"71.362172479",0.23089983022071317,0.30117647058823527,0.21731748726655348,0.11058823529411765,0.07979626485568761,"7.241770272",23,-7.068790609272721,164,0.27843803056027167,209,0.3548387096774194
642547,"Peralta, Freddy",504,0.8765217391304347,331,"71.346694742",0.2361111111111112,0.2688821752265861,0.1765873015873016,0.1027190332326284,0.06746031746031746,"7.24118131",13,-23.08713422384242,173,0.34325396825396826,146,0.2896825396825397
666745,"Brito, Jhony",256,0.924187725631769,200,"71.342852109",0.20703125000000006,0.345,0.26953125,0.11,0.0859375,"7.352017549",3,-3.038096142743931,56,0.21875,104,0.40625
621244,"Berríos, José",541,0.9247863247863248,414,"71.332053956",0.20332717190388172,0.34057971014492755,0.26062846580406657,0.12077294685990338,0.09242144177449169,"7.288266765",14,-10.998372174727038,127,0.23475046210720887,211,0.3900184842883549
656629,"Kopech, Michael",320,0.9221902017291066,252,"71.328588406",0.20312500000000003,0.3531746031746032,0.278125,0.15079365079365079,0.11875,"7.235357438",9,-0.34564308993388726,68,0.2125,126,0.39375
615698,"Quantrill, Cal",228,0.9193548387096774,180,"71.325006535",0.20175438596491233,0.3055555555555556,0.2412280701754386,0.14444444444444443,0.11403508771929824,"7.378182851",3,-9.690156121175479,48,0.21052631578947367,95,0.4166666666666667
656234,"Bird, Jake",213,0.8987341772151899,176,"71.322592723",0.21596244131455397,0.4090909090909091,0.3380281690140845,0.13636363636363635,0.11267605633802817,"7.276924977",4,0.526338808459112,37,0.17370892018779344,103,0.4835680751173709
608331,"Fried, Max",311,0.8988439306358381,228,"71.297671543",0.18006430868167206,0.32894736842105265,0.24115755627009647,0.12719298245614036,0.0932475884244373,"7.378195788",3,-11.812803230249331,83,0.26688102893890675,122,0.39228295819935693
625643,"López, Reynaldo",210,0.8536585365853658,151,"71.291431381",0.22380952380952382,0.24503311258278146,0.1761904761904762,0.09933774834437085,0.07142857142857142,"7.096339286",5,-12.115499575315187,59,0.28095238095238095,52,0.24761904761904763
656945,"Scott, Tanner",243,0.8741007194244604,160,"71.29134786",0.24691358024691365,0.25,0.1646090534979424,0.0875,0.05761316872427984,"7.203863663",10,-9.95744257641436,83,0.34156378600823045,74,0.3045267489711934
527048,"Pérez, Martín",285,0.9344262295081968,238,"71.279084632",0.256140350877193,0.35294117647058826,0.29473684210526313,0.13445378151260504,0.11228070175438597,"7.347625123",0,-11.485220060172399,47,0.1649122807017544,137,0.4807017543859649
676395,"Garcia, Robert",237,0.9330708661417323,180,"71.268053333",0.18143459915611818,0.22777777777777777,0.1729957805907173,0.1,0.0759493670886076,"7.280719747",1,-6.037665745273047,57,0.24050632911392406,72,0.3037974683544304
623167,"Flexen, Chris",427,0.9302832244008714,348,"71.253180281",0.21779859484777514,0.3706896551724138,0.30210772833723654,0.14942528735632185,0.12177985948477751,"7.234570773",7,7.531386160471051,79,0.18501170960187355,192,0.4496487119437939
425844,"Greinke, Zack",322,0.9387755102040817,270,"71.247982112",0.20496894409937894,0.37777777777777777,0.3167701863354037,0.17037037037037037,0.14285714285714285,"7.332722671",1,-8.003382090748573,52,0.16149068322981366,153,0.4751552795031056
628452,"Iglesias, Raisel",212,0.925764192139738,152,"71.245918066",0.22641509433962267,0.3026315789473684,0.2169811320754717,0.1118421052631579,0.08018867924528301,"7.433651651",4,-4.891022463632624,60,0.2830188679245283,69,0.32547169811320753
608717,"Stratton, Chris",242,0.9453125,192,"71.242730744",0.23140495867768598,0.359375,0.28512396694214875,0.14583333333333334,0.11570247933884298,"7.253122314",1,-9.460056602664437,50,0.2066115702479339,97,0.40082644628099173
658648,"Avila, Pedro",338,0.9159891598915989,245,"71.241037012",0.19822485207100599,0.32653061224489793,0.23668639053254437,0.1510204081632653,0.10946745562130178,"7.390831834",7,-13.446094561728334,93,0.27514792899408286,117,0.34615384615384615
605498,"Suárez, Andrew",214,0.9106382978723404,173,"71.233690841",0.21028037383177575,0.3872832369942196,0.3130841121495327,0.14450867052023122,0.11682242990654206,"7.217568925",3,2.0400095061290986,41,0.19158878504672897,93,0.43457943925233644
671345,"Foley, Jason",219,0.9087136929460581,182,"71.210648082",0.16894977168949774,0.2967032967032967,0.2465753424657534,0.14285714285714285,0.1187214611872146,"7.116594201",6,-4.849807934385991,37,0.1689497716894977,90,0.410958904109589
547179,"Lorenzen, Michael",468,0.9435483870967742,371,"71.198008996",0.19658119658119663,0.3423180592991914,0.27136752136752135,0.11859838274932614,0.09401709401709402,"7.381016923",2,-15.607169306146352,97,0.20726495726495728,185,0.3952991452991453
663947,"Holton, Tyler",229,0.9087301587301587,176,"71.193303712",0.19650655021834063,0.30113636363636365,0.2314410480349345,0.14204545454545456,0.1091703056768559,"7.403629738",3,-7.840422859473819,53,0.2314410480349345,91,0.39737991266375544
690986,"Harrison, Kyle",242,0.9166666666666666,187,"71.184586364",0.16942148760330583,0.35294117647058826,0.2727272727272727,0.11764705882352941,0.09090909090909091,"7.181428471",1,-3.0198593409982952,55,0.22727272727272727,92,0.38016528925619836
608344,"Irvin, Cole",278,0.9174917491749175,215,"71.181514532",0.2050359712230216,0.30697674418604654,0.23741007194244604,0.11162790697674418,0.08633093525179857,"7.249022481",0,-7.951167996096226,63,0.22661870503597123,102,0.3669064748201439
676272,"Miller, Bobby",463,0.8802281368821293,328,"71.175720151",0.22246220302375813,0.3719512195121951,0.2634989200863931,0.12804878048780488,0.09071274298056156,"7.222195325",8,-18.26046206635794,135,0.2915766738660907,181,0.39092872570194387
519242,"Sale, Chris",283,0.8955696202531646,196,"71.159600389",0.2367491166077739,0.2755102040816326,0.19081272084805653,0.11734693877551021,0.0812720848056537,"7.535852085",6,-5.202644793361298,87,0.30742049469964666,93,0.3286219081272085
607192,"Glasnow, Tyler",485,0.8834244080145719,346,"71.156594515",0.222680412371134,0.33815028901734107,0.24123711340206186,0.13872832369942195,0.09896907216494845,"7.278902742",15,-16.45264700381018,139,0.2865979381443299,177,0.3649484536082474
666214,"Wentz, Joey",255,0.8854166666666666,188,"71.127100353",0.1921568627450981,0.3723404255319149,0.27450980392156865,0.1595744680851064,0.11764705882352941,"7.370655843",6,6.5119971580468805,67,0.2627450980392157,100,0.39215686274509803
608379,"Wacha, Michael",355,0.9056122448979592,268,"71.126204789",0.2056338028169014,0.332089552238806,0.2507042253521127,0.1455223880597015,0.10985915492957747,"7.479992676",2,-7.801610200528138,87,0.24507042253521127,131,0.36901408450704226
621383,"Banks, Tanner",252,0.9097472924187726,198,"71.12480869",0.19841269841269848,0.36363636363636365,0.2857142857142857,0.15151515151515152,0.11904761904761904,"7.050391984",3,-1.6361395781666042,54,0.21428571428571427,110,0.4365079365079365
543766,"Shaw, Bryan",283,0.907051282051282,215,"71.091868693",0.20848056537102477,0.3209302325581395,0.24381625441696114,0.09302325581395349,0.0706713780918728,"7.240346502",1,-15.917776550484533,68,0.24028268551236748,99,0.3498233215547703
668909,"Williams, Gavin",408,0.8986784140969163,295,"71.08091152",0.17156862745098042,0.288135593220339,0.20833333333333334,0.10847457627118644,0.0784313725490196,"7.152400686",9,-17.149847621073377,113,0.2769607843137255,132,0.3235294117647059
592791,"Taillon, Jameson",586,0.9001536098310292,465,"71.069067014",0.18600682593856657,0.3161290322580645,0.2508532423208191,0.13978494623655913,0.11092150170648464,"7.272066348",10,-14.983294275077462,121,0.20648464163822525,226,0.3856655290102389
640455,"Manaea, Sean",410,0.8817204301075269,326,"71.047919268",0.17317073170731714,0.32515337423312884,0.25853658536585367,0.1196319018404908,0.0951219512195122,"7.111645872",9,-15.6411201825281,84,0.2048780487804878,152,0.37073170731707317
650633,"King, Michael",317,0.8498659517426274,232,"71.044083754",0.2145110410094637,0.34051724137931033,0.24921135646687698,0.14224137931034483,0.10410094637223975,"7.414385363",9,-3.8496402063691493,85,0.26813880126182965,118,0.3722397476340694
656288,"Canning, Griffin",362,0.9211195928753181,259,"71.038277486",0.18508287292817688,0.32432432432432434,0.23204419889502761,0.13127413127413126,0.09392265193370165,"7.376375442",7,-8.598835810819871,103,0.2845303867403315,121,0.3342541436464088
686752,"Pepiot, Ryan",289,0.9233226837060703,210,"71.018390242",0.20761245674740486,0.319047619047619,0.23183391003460208,0.11428571428571428,0.08304498269896193,"7.283282491",7,-10.364788552585491,79,0.27335640138408307,104,0.35986159169550175
666374,"Brash, Matt",236,0.8644688644688645,157,"71.007754788",0.19067796610169493,0.2929936305732484,0.19491525423728814,0.11464968152866242,0.07627118644067797,"7.338647076",12,-10.410564172380804,79,0.3347457627118644,79,0.3347457627118644
668933,"Ashcraft, Graham",409,0.9068736141906873,330,"71.001476333",0.18092909535452323,0.30606060606060603,0.2469437652811736,0.10606060606060606,0.08557457212713937,"7.015965588",11,-12.123956591263871,79,0.19315403422982885,171,0.4180929095354523
543859,"Tonkin, Michael",273,0.900990099009901,215,"70.999309963",0.2014652014652015,0.27906976744186046,0.21978021978021978,0.11627906976744186,0.09157509157509157,"7.179081392",7,-3.0505016760901733,58,0.21245421245421245,94,0.3443223443223443
605540,"Woodruff, Brandon",379,0.8981042654028436,281,"70.973236807",0.20580474934036944,0.3096085409252669,0.22955145118733508,0.1387900355871886,0.10290237467018469,"7.210313325",10,-14.344678648614243,98,0.25857519788918204,120,0.316622691292876
518585,"Cruz, Fernando",223,0.87109375,143,"70.971564305",0.22869955156950672,0.34965034965034963,0.2242152466367713,0.11888111888111888,0.07623318385650224,"7.500380628",2,-6.017308129845199,80,0.35874439461883406,61,0.273542600896861
686613,"Brown, Hunter",422,0.888421052631579,334,"70.965063057",0.22511848341232232,0.36227544910179643,0.28672985781990523,0.1497005988023952,0.11848341232227488,"7.037659417",5,7.113379163266823,88,0.20853080568720378,166,0.3933649289099526
554430,"Wheeler, Zack",568,0.8833592534992224,417,"70.955080581",0.19014084507042261,0.290167865707434,0.2130281690140845,0.08872901678657075,0.06514084507042253,"7.068076215",14,-22.634881056967195,151,0.2658450704225352,200,0.352112676056338
656546,"Hoffman, Jeff",228,0.8976377952755905,157,"70.924211009",0.18421052631578952,0.24203821656050956,0.16666666666666666,0.06369426751592357,0.043859649122807015,"7.428297588",9,-11.789015934497545,71,0.31140350877192985,67,0.29385964912280704
518886,"Kimbrel, Craig",208,0.8666666666666667,146,"70.906076827",0.22115384615384617,0.3356164383561644,0.23557692307692307,0.1095890410958904,0.07692307692307693,"7.049412452",4,-4.638227750318308,62,0.2980769230769231,73,0.35096153846153844
668868,"Thompson, Zack",358,0.8753056234718827,283,"70.901226369",0.21508379888268153,0.3568904593639576,0.28212290502793297,0.1625441696113074,0.12849162011173185,"6.915110308",6,-5.923989116527697,75,0.20949720670391062,139,0.388268156424581
594902,"Lively, Ben",235,0.9325396825396826,196,"70.895576979",0.14468085106382983,0.44387755102040816,0.3702127659574468,0.14285714285714285,0.11914893617021277,"7.132681872",3,3.0413111561634265,39,0.16595744680851063,114,0.4851063829787234
665622,"Medina, Luis",380,0.9004739336492891,285,"70.892726447",0.16052631578947374,0.3263157894736842,0.24473684210526317,0.11228070175438597,0.08421052631578947,"7.294036974",5,-13.69332781607651,95,0.25,131,0.3447368421052632
519043,"Moore, Matt",211,0.8865546218487395,146,"70.852585166",0.19905213270142183,0.3013698630136986,0.20853080568720378,0.1095890410958904,0.07582938388625593,"7.338576445",8,1.88064731593161,65,0.3080568720379147,66,0.3127962085308057
547973,"Chapman, Aroldis",167,0.893048128342246,100,"70.83291",0.20958083832335334,0.27,0.16167664670658682,0.16,0.09580838323353294,"7.099344371",2,-3.2824401672075125,67,0.40119760479041916,50,0.2994011976047904
621381,"Strahm, Matt",229,0.9087301587301587,178,"70.824558603",0.19650655021834065,0.3146067415730337,0.2445414847161572,0.10674157303370786,0.08296943231441048,"7.026612969",3,-8.400119884055645,51,0.22270742358078602,79,0.34497816593886466
675911,"Strider, Spencer",568,0.8725038402457758,387,"70.817695651",0.17077464788732394,0.2997416020671835,0.20422535211267606,0.09819121447028424,0.06690140845070422,"7.152601831",22,-12.594689293170294,181,0.31866197183098594,177,0.31161971830985913
657571,"Ferguson, Caleb",208,0.9004329004329005,159,"70.814328077",0.20673076923076922,0.33962264150943394,0.25961538461538464,0.13836477987421383,0.10576923076923077,"6.926208606",4,1.6534424126598042,49,0.23557692307692307,73,0.35096153846153844
643377,"Jax, Griffin",197,0.8454935622317596,142,"70.790811929",0.16751269035533,0.2887323943661972,0.20812182741116753,0.1267605633802817,0.09137055837563451,"7.125545408",6,3.1221095319745933,55,0.27918781725888325,74,0.3756345177664975
669684,"Murphy, Chris",238,0.8981132075471698,189,"70.746219496",0.1470588235294118,0.2962962962962963,0.23529411764705882,0.08465608465608465,0.06722689075630252,"7.269854622",4,0.6799325454570648,49,0.20588235294117646,90,0.37815126050420167
472610,"García, Luis",214,0.9145299145299145,171,"70.742661495",0.1448598130841122,0.3333333333333333,0.26635514018691586,0.16374269005847952,0.1308411214953271,"7.212869626",0,-6.14078300768986,43,0.20093457943925233,87,0.40654205607476634
571882,"Law, Derek",230,0.8949416342412452,179,"70.732796696",0.14782608695652177,0.3240223463687151,0.25217391304347825,0.10614525139664804,0.08260869565217391,"7.194350478",7,-8.150442711519348,51,0.2217391304347826,87,0.3782608695652174
605182,"Clevinger, Mike",470,0.9233791748526523,363,"70.716885957",0.16595744680851063,0.31129476584022037,0.2404255319148936,0.12121212121212122,0.09361702127659574,"7.307292787",6,-9.098967290310009,107,0.2276595744680851,178,0.37872340425531914
680570,"Rodriguez, Grayson",550,0.889967637540453,416,"70.689083236",0.18363636363636365,0.2956730769230769,0.22363636363636363,0.10817307692307693,0.08181818181818182,"7.130172673",8,-23.17988890807078,134,0.24363636363636362,181,0.3290909090909091
657097,"Webb, Jacob",265,0.8803986710963455,180,"70.677216528",0.16226415094339627,0.3111111111111111,0.21132075471698114,0.09444444444444444,0.06415094339622641,"7.460490604",8,-6.209043952313985,85,0.32075471698113206,81,0.30566037735849055
668881,"Greene, Hunter",296,0.891566265060241,220,"70.663449358",0.16554054054054057,0.29545454545454547,0.2195945945945946,0.09545454545454546,0.07094594594594594,"7.260021791",7,7.379953461654152,76,0.25675675675675674,92,0.3108108108108108
642232,"Yarbrough, Ryan",392,0.8769574944071589,300,"70.619673495",0.20663265306122447,0.3333333333333333,0.25510204081632654,0.13666666666666666,0.10459183673469388,"7.317343342",3,-3.6641259126418286,92,0.23469387755102042,156,0.3979591836734694
670174,"Winckowski, Josh",263,0.8737541528239202,199,"70.612348669",0.155893536121673,0.3015075376884422,0.22813688212927757,0.06532663316582915,0.049429657794676805,"7.188878973",6,-4.267734642594561,64,0.24334600760456274,83,0.3155893536121673
605135,"Bassitt, Chris",555,0.8922829581993569,437,"70.607810505",0.17117117117117123,0.3112128146453089,0.24504504504504504,0.11670480549199085,0.0918918918918919,"7.037952464",7,-20.45687532101066,118,0.2126126126126126,219,0.3945945945945946
623149,"Sewald, Paul",195,0.8783783783783784,143,"70.596859385",0.17435897435897435,0.23076923076923078,0.16923076923076924,0.0979020979020979,0.07179487179487179,"6.986732872",3,-4.32263978520999,52,0.26666666666666666,52,0.26666666666666666
668674,"Erceg, Lucas",212,0.8907563025210085,161,"70.588940802",0.19811320754716985,0.2670807453416149,0.2028301886792453,0.08695652173913043,0.0660377358490566,"7.147855425",5,-9.359206748512337,51,0.24056603773584906,75,0.35377358490566035
661403,"Clase, Emmanuel",218,0.9083333333333333,163,"70.588668394",0.1651376146788991,0.32515337423312884,0.24311926605504589,0.09815950920245399,0.07339449541284404,"6.950286697",3,-6.589262088119881,55,0.25229357798165136,80,0.3669724770642202
607259,"Martinez, Nick",269,0.838006230529595,196,"70.582666691",0.18959107806691455,0.33163265306122447,0.241635687732342,0.10204081632653061,0.07434944237918216,"7.536404461",7,-8.89150994596455,73,0.27137546468401486,105,0.3903345724907063
669373,"Skubal, Tarik",490,0.8828828828828829,342,"70.558759286",0.17346938775510207,0.30994152046783624,0.2163265306122449,0.13742690058479531,0.09591836734693877,"7.227286469",12,-14.2815146276324,148,0.3020408163265306,160,0.32653061224489793
670950,"Richards, Trevor",216,0.8503937007874016,148,"70.549573935",0.17129629629629636,0.35135135135135137,0.24074074074074073,0.13513513513513514,0.09259259259259259,"7.572535139",9,-1.2041895147192374,68,0.3148148148148148,66,0.3055555555555556
676254,"Walker, Ryan",257,0.8344155844155844,165,"70.31176249",0.1634241245136187,0.3212121212121212,0.20622568093385213,0.10909090909090909,0.07003891050583658,"7.563899339",6,-3.674401527322848,92,0.35797665369649806,81,0.3151750972762646
605130,"Barlow, Scott",214,0.856,157,"70.240689579",0.14953271028037388,0.29936305732484075,0.21962616822429906,0.08917197452229299,0.06542056074766354,"7.373400888",5,-8.35892785898072,57,0.26635514018691586,82,0.38317757009345793
669467,"Pallante, Andre",236,0.855072463768116,202,"70.029413941",0.12711864406779663,0.400990099009901,0.3432203389830508,0.14356435643564355,0.1228813559322034,"6.871301525",2,-3.3633154704846926,34,0.1440677966101695,117,0.4957627118644068
664139,"Gibaut, Ian",231,0.8369565217391305,186,"69.897707662",0.13852813852813856,0.27956989247311825,0.22510822510822512,0.06989247311827956,0.05627705627705628,"6.836555758",8,-7.003872597061288,45,0.19480519480519481,79,0.341991341991342
661395,"Duran, Jhoan",196,0.8868778280542986,130,"69.874351071",0.1479591836734694,0.3230769230769231,0.21428571428571427,0.1,0.0663265306122449,"6.804429898",5,-4.464447520782855,66,0.336734693877551,61,0.3112244897959184