"pitcher","pitcher_name","pitch_hand","n_pitches","team_id","ball_angle","relative_release_ball_x","release_ball_z","relative_shoulder_x","shoulder_z"
425794,"Wainwright, Adam","R",1680,138,"45.5",-1.646189608596962,6.228779761904762,-0.07793819943128766,4.633131462683559
425844,"Greinke, Zack","R",2218,118,"43.8",-1.5872130636346138,6.209670874661858,-0.029719410663683457,4.717702325086113
434378,"Verlander, Justin","R",2602,9999,"55.1",-1.2599007399244873,6.99435049961568,0.15037904203677138,4.965253052327772
446372,"Kluber, Corey","R",981,111,"31.4",-2.36973207782961,5.033455657492355,-0.5125595697031476,3.9006609621125814
448179,"Hill, Rich","L",2497,9999,"36.8",2.3107532999056675,5.621806167400881,0.45106115156369464,4.219175573326138
450203,"Morton, Charlie","R",2841,144,"20.2",-2.641282260451314,5.369866244280183,-0.3134400416363147,4.513704099037458
453286,"Scherzer, Max","R",2452,9999,"28.8",-2.399522443930584,5.446039967373572,-0.41601217769771415,4.357206659665943
458681,"Lynn, Lance","R",3164,9999,"32.5",-2.4781184273562795,5.573476611883692,-0.48479360654961906,4.3028618506211815
471911,"Carrasco, Carlos","R",1525,121,"34.8",-2.0759835292720896,5.791704918032787,-0.16599638654627275,4.466081509950031
472610,"García, Luis","R",974,135,"46.0",-1.662532777890816,6.1717145790554415,-0.06837124405670425,4.52287278391476
477132,"Kershaw, Clayton","L",2024,119,"59.1",1.0430616359770828,6.1879743083003955,-0.11702022027999126,4.247542255016452
489119,"Miley, Wade","L",1873,158,"50.3",1.5678005494926246,6.218985584623598,0.11092346493419482,4.464625491433287
489446,"Yates, Kirby","R",1056,144,"20.9",-2.447350445214605,5.323465909090909,-0.4810897209055799,4.571144047594934
493603,"Ottavino, Adam","R",1024,121,"22.8",-2.8403503867885083,5.31892578125,-0.5902789110370711,4.37157937895151
500779,"Quintana, Jose","L",1229,121,"45.7",1.7307176811555662,5.791993490642799,0.17735116161857895,4.197106386799116
502043,"Gibson, Kyle","R",3028,110,"43.8",-1.6851008910555259,6.259554161162484,0.010963485337091483,4.632546094590713
502085,"Robertson, David","R",1054,9999,"42.4",-1.4728911359202672,5.762267552182164,0.06396398847273944,4.359091206827737
502171,"Cobb, Alex","R",2353,137,"40.8",-2.0984021373408663,5.7745091372715684,-0.43923934212250754,4.3423625314291385
502624,"Anderson, Chase","R",1446,9999,"45.8",-1.5109565243585554,5.844854771784233,0.06442865671604993,4.227034140958031
506433,"Darvish, Yu","R",2041,135,"40.1",-1.7988192499378273,5.486918177364037,-0.216912191168392,4.154478009669861
518585,"Cruz, Fernando","R",1119,113,"43.3",-1.734723208738003,5.9392135835567474,-0.13374199517649288,4.426589790349481
518617,"Diekman, Jake","L",981,9999,"20.2",2.820630605302374,5.46361875637105,0.5224117290007468,4.617888830198004
518876,"Kelly, Merrill","R",2802,109,"26.9",-2.1816730654051764,5.511937901498929,-0.21629096914477944,4.5138862277835665
518886,"Kimbrel, Craig","R",1120,143,"25.2",-2.1765020242220454,4.808107142857143,-0.36637540067163227,3.9552632721384007
519151,"Pressly, Ryan","R",1024,117,"59.4",-0.8739558000173919,5.97228515625,0.3137451318098262,3.9594077458291554
519242,"Sale, Chris","L",1580,111,"13.2",3.1233243995724944,5.23690506329114,0.8054001561971164,4.694257219364156
527048,"Pérez, Martín","L",2170,140,"44.9",1.5990182579722279,5.606188940092166,-0.0267116445698514,3.985164759645794
527054,"Teheran, Julio","R",1080,158,"22.6",-2.6405172366208887,4.931342592592593,-0.6182332650854955,4.090871519442794
542585,"Cisnero, José","R",986,116,"29.2",-2.30721382565736,5.350436105476674,-0.2217619094235518,4.184795102558818
542881,"Anderson, Tyler","L",2430,108,"50.0",1.344707306870348,6.276127572016461,-0.07938721015529294,4.571133868862921
543037,"Cole, Gerrit","R",3279,147,"42.1",-1.7204050883057342,5.924303141201586,-0.07347875982797678,4.436434745468788
543101,"DeSclafani, Anthony","R",1547,137,"35.4",-1.799366897864162,5.516224951519069,-0.05772065345266038,4.280993598788754
543135,"Eovaldi, Nathan","R",2232,140,"32.8",-2.6337752039733022,5.522495519713262,-0.6598333902753021,4.2524438219561205
543243,"Gray, Sonny","R",2815,142,"48.2",-1.202845891703312,5.512785079928952,0.2159585011223931,3.92428984049037
543294,"Hendricks, Kyle","R",2107,112,"45.4",-1.7673016813679687,6.069250118652112,-0.05445390710195283,4.331523819506661
543475,"Lyles, Jordan","R",2813,118,"43.6",-1.7070949597766396,5.933096338428724,0.022564872032256655,4.282179399914961
543518,"McGough, Scott","R",1189,109,"46.3",-1.4251167013665693,6.004238856181665,0.03916942929018079,4.472742099144115
543521,"McHugh, Collin","R",1017,144,"24.9",-2.3918173479152824,5.311976401179941,-0.250053742000957,4.319412095271647
543859,"Tonkin, Michael","R",1283,144,"14.6",-2.8925889521161445,5.316204208885424,-0.5714815537197661,4.713280257598682
547179,"Lorenzen, Michael","R",2363,9999,"41.3",-1.7510709182897037,5.739517562420652,0.011864957269792848,4.189209869625532
547973,"Chapman, Aroldis","L",1008,9999,"49.5",1.4230581690091713,6.082212301587302,-0.16145362023597318,4.225709053065671
548384,"Raley, Brooks","L",982,121,"33.0",2.1750912254246773,5.589765784114053,0.2298734108788859,4.324760495696149
548389,"Stripling, Ross","R",1453,137,"64.8",-0.8877795842224563,6.9381761871988985,0.11738052857631823,4.795134010584776
554340,"García, Yimi","R",1100,141,"25.8",-2.5659192825072417,5.100981818181818,-0.34011119891427644,4.0266103876195105
554430,"Wheeler, Zack","R",3055,143,"31.1",-2.4173785163470645,5.399178396072013,-0.28397164278775044,4.112904425316027
571510,"Boyd, Matthew","L",1178,116,"23.9",2.595283615897839,5.314414261460102,0.3605792150507371,4.322778073807081
571578,"Corbin, Patrick","L",2910,120,"40.9",1.6548243417073265,6.30733676975945,-0.13922748411954597,4.751880087840197
571656,"Farmer, Buck","R",1222,113,"32.7",-1.7951371393477342,5.808551554828151,0.21194171976334056,4.518535493959524
571760,"Heaney, Andrew","L",2601,140,"28.9",2.3204429228171715,5.010534409842368,0.33602764554425457,3.9140175343913386
571927,"Matz, Steven","L",1815,138,"35.0",1.984361479851532,5.6091845730027545,0.056039165745937744,4.26037109966952
571945,"Mikolas, Miles","R",3197,138,"47.5",-1.7304615759839226,6.553431341883015,-0.03808546620968745,4.7082247027767234
571948,"Milner, Hoby","L",1027,158,"-2.4",2.8942818279958265,4.2652677702044794,0.6546967317368657,4.360656838706094
572020,"Paxton, James","L",1689,111,"45.2",1.7148439059758953,6.079182948490231,-0.015487654045417078,4.3388580942641335
572403,"VerHagen, Drew","R",1019,138,"48.7",-1.7183410543362245,6.386162904808636,-0.10318260361509221,4.544425417950212
572955,"Johnson, Pierce","R",1084,9999,"40.2",-1.864920430222501,6.04429889298893,-0.12817397340016182,4.573148095371996
573186,"Stroman, Marcus","R",2129,112,"34.3",-1.9171329921177374,5.267444809769845,-0.2078632695590726,4.0989925502085205
579328,"Kikuchi, Yusei","L",2817,141,"42.0",1.68007666891187,5.399219027334043,0.03226147059139917,3.915944106478555
592332,"Gausman, Kevin","R",3066,141,"38.4",-1.9826742597681175,5.7288519243313765,-0.09434476766630272,4.230070325157875
592351,"Gray, Jon","R",2392,140,"29.9",-2.1627196049272124,5.558574414715719,-0.15618693945653664,4.404529321073215
592767,"Smyly, Drew","L",2400,112,"46.4",1.647841442913076,6.4388875,-0.017348719808377898,4.6850482888443254
592789,"Syndergaard, Noah","R",1404,9999,"40.0",-1.7687143960306169,6.315007122507122,0.002097828714495389,4.830251696134294
592791,"Taillon, Jameson","R",2529,112,"43.6",-1.6337413690469378,6.014242783708976,0.06915972131474539,4.388469471210605
592836,"Walker, Taijuan","R",2831,143,"39.9",-1.9774686569714086,6.430130695867184,-0.15046139261587554,4.900435890865771
592866,"Williams, Trevor","R",2517,120,"18.4",-2.625877349524728,5.012240762812873,-0.4034178519755502,4.2713911974332115
593334,"Germán, Domingo","R",1575,147,"31.3",-2.350764668415867,5.544349206349207,-0.17189759335653454,4.220282498656028
593576,"Neris, Héctor","R",1092,117,"39.7",-1.8157715817472906,6.041675824175824,-0.004922781711752297,4.535810930572695
593958,"Rodriguez, Eduardo","L",2369,116,"37.8",2.046316775172234,5.808666103841283,0.2093528781972131,4.384099104219761
594580,"Moll, Sam","L",1025,9999,"18.4",2.1186138318349927,5.0614536585365855,0.053297614625451066,4.37484560253902
594902,"Lively, Ben","R",1383,113,"35.6",-1.7981311705467458,5.12355025307303,-0.08158367765958681,3.891618899148432
595345,"Okert, Steven","L",1019,146,"31.7",2.474256890961477,5.7135819430814525,0.42845617649682766,4.450327429813927
596001,"Junis, Jakob","R",1332,137,"31.2",-2.192663102051557,5.818641141141141,-0.21971261823320648,4.623065659108306
596133,"Weaver, Luke","R",2258,9999,"47.0",-1.4381739259800084,5.747643932683791,0.09875661131188927,4.097224575958091
596295,"Gomber, Austin","L",2160,115,"53.8",0.9891606712616718,6.596990740740741,-0.42642069250511655,4.660265374249026
601713,"Pivetta, Nick","R",2277,111,"55.5",-1.0333076125174483,6.592986385595081,0.2807584851068227,4.68222212428869
605130,"Barlow, Scott","R",1197,9999,"29.0",-2.2079721561992565,5.215948203842941,-0.1863076243788318,4.096959562527829
605135,"Bassitt, Chris","R",3138,141,"39.5",-1.9206436449929127,5.628945188017846,0.08857533895358943,3.9725977326975754
605182,"Clevinger, Mike","R",2013,145,"44.9",-1.5865063304700437,5.783273720814704,0.020901974244062434,4.180219198649066
605200,"Davies, Zach","R",1443,109,"35.8",-1.9950088454622035,5.512106722106722,-0.29231900767489005,4.285278930493637
605280,"Holmes, Clay","R",1021,147,"46.1",-1.628578164451293,6.559608227228208,0.09990511652795746,4.763033304788392
605288,"Houser, Adrian","R",1856,158,"41.4",-1.8336444945806851,5.881449353448276,-0.0835647132775524,4.338701245370797
605397,"Musgrove, Joe","R",1411,135,"36.2",-2.2999288364489074,6.373260099220411,-0.24832651271964232,4.872021045553716
605400,"Nola, Aaron","R",3087,143,"23.0",-2.325297769827297,5.168445092322643,-0.21841099256441393,4.273039209536629
605483,"Snell, Blake","L",3107,135,"57.5",1.0855718822422402,6.594708722240103,-0.20412877408095229,4.567750712897735
605540,"Woodruff, Brandon","R",1043,158,"42.8",-1.6049674195387995,5.829357622243529,0.06960513985948254,4.277600859562861
606160,"Montero, Rafael","R",1253,117,"35.4",-1.7814898380311481,5.050837988826816,0.09621229590871393,3.7151229382458926
606303,"Payamps, Joel","R",1116,158,"29.9",-2.003642195305088,5.682329749103943,0.0902099009545167,4.4782739014911925
607067,"Rea, Colin","R",1993,158,"37.5",-1.9005636619786814,5.6304666332162565,-0.12118515942161201,4.264332282552212
607074,"Rodón, Carlos","L",1133,147,"47.0",1.577664989425128,6.428490732568402,-0.05194527983222495,4.681115062624585
607192,"Glasnow, Tyler","R",1839,139,"55.3",-1.264560721592076,6.048798259923871,0.1473661276908806,4.0057068578986295
607259,"Martinez, Nick","R",1651,135,"58.0",-0.9265601337230875,6.150321017565112,0.274466409165946,4.223789226267017
607481,"Bummer, Aaron","L",1071,145,"9.2",2.5292021141471612,5.186573295985061,0.25249814257253705,4.816025002371715
607536,"Freeland, Kyle","L",2413,115,"24.5",2.2417938882430914,5.708777455449647,0.1626767942583732,4.763515026597611
607625,"Lugo, Seth","R",2259,135,"39.4",-1.974444672668619,5.626657813191677,-0.07563498160260522,4.061176351634461
608032,"Estévez, Carlos","R",1127,108,"39.6",-1.696987586671986,5.775492457852707,0.19753064799042147,4.205353073877773
608331,"Fried, Max","L",1203,144,"49.7",1.4399235146890108,5.9782294264339155,-0.11302532572312535,4.146814545187833
608337,"Giolito, Lucas","R",3190,9999,"51.3",-1.4125641091339278,6.325905956112853,0.09174520521460222,4.444616704384803
608344,"Irvin, Cole","L",1268,110,"42.2",1.9336807334096735,6.20333596214511,0.22535904690812372,4.652408495490253
608371,"Sims, Lucas","R",1056,113,"39.0",-1.5268217312716157,5.707111742424242,0.18831791410090207,4.31908888390928
608379,"Wacha, Michael","R",2220,135,"53.1",-1.171320314827797,6.579247747747748,0.22269330213903743,4.719214736755472
608665,"Graveman, Kendall","R",1113,9999,"44.7",-1.577850874929474,5.771437556154537,0.03696881090915498,4.170748945535904
608717,"Stratton, Chris","R",1337,9999,"37.8",-1.795542177578832,5.8517501869857895,0.09457079828599693,4.384050158854594
608718,"Suter, Brent","L",1128,115,"53.0",1.2447780345000494,6.290274822695036,-0.012419088570308854,4.623614525969963
612434,"Castro, Miguel","R",977,109,"17.2",-2.679131257672524,5.001606960081883,-0.28106243475151294,4.2595499345918695
615698,"Quantrill, Cal","R",1706,114,"46.5",-1.5559941335381882,6.308065650644783,0.11997691883318393,4.543615841749681
621016,"Cuas, Jose","R",1176,9999,"2.6",-3.2527107700797835,4.041037414965986,-0.8279514952950877,3.9325552332296554
621076,"Kaprielian, James","R",1090,133,"33.2",-2.09608128702991,5.914211009174312,-0.28559755139086496,4.7298857773634895
621107,"Eflin, Zach","R",2506,139,"32.8",-2.3767779819986976,5.922210694333599,-0.29855521692679104,4.584624306975202
621112,"Blackburn, Paul","R",1874,133,"49.4",-1.4741572024089613,5.952401280683031,0.041459435002292364,4.185062718464702
621244,"Berríos, José","R",2936,141,"41.3",-2.041669921330801,5.634356267029973,-0.3021771457462103,4.105737906897959
621345,"Minter, A.J.","L",1041,144,"42.2",1.6783107259296914,5.773938520653218,0.11960152739464489,4.3591603958726095
621381,"Strahm, Matt","L",1366,143,"32.7",2.1462065710862874,5.454648609077599,0.06404407693331558,4.119035113711397
621383,"Banks, Tanner","L",1007,145,"48.4",1.7032548863623331,6.304131082423039,0.1522071542871911,4.5534074244105875
621389,"Blach, Ty","L",1263,115,"21.5",2.3502974613942427,5.743428345209818,0.1428598698314711,4.873277343153486
622072,"Wood, Alex","L",1705,137,"18.2",2.8116739189868407,4.763108504398827,0.4742677075394274,3.995903399407217
622098,"Smith, Drew","R",1081,121,"40.5",-1.8079061126077454,5.51840888066605,-0.11096313590275064,4.066600105368865
622491,"Castillo, Luis","R",3205,136,"18.1",-2.3783544498787075,5.092408736349454,-0.11749658276812355,4.354178703173796
622663,"Severino, Luis","R",1636,147,"42.5",-1.4843381331372598,6.049957212713936,0.11883252264119695,4.579468219462713
623149,"Sewald, Paul","R",994,9999,"17.4",-2.612320794446034,4.422193158953722,-0.6278567125569818,3.799021248345689
623167,"Flexen, Chris","R",1752,9999,"69.5",-0.3546806848431486,6.8030993150684935,0.4593618180699013,4.622800873867605
623211,"Brazobán, Huascar","R",1012,146,"35.7",-2.171309592888599,5.73649209486166,-0.05619836375261567,4.212355707094193
623352,"Hader, Josh","L",992,135,"33.4",2.104834449940312,5.5436895161290325,0.13646782612055086,4.24581536435872
623437,"Topa, Justin","R",1043,136,"12.2",-2.8530352009392317,4.896845637583892,-0.526972336585641,4.391955788184706
624133,"Suárez, Ranger","L",2021,143,"40.0",1.7777388029943166,5.877773379515092,0.01429405864095447,4.39614077352681
625643,"López, Reynaldo","R",1204,9999,"42.4",-1.6281823980703223,5.794094684385382,-0.08730028840288759,4.388930190881849
628317,"Maeda, Kenta","R",1700,142,"39.6",-1.8931764773440447,5.760464705882353,-0.16203519780853518,4.325286403690888
628711,"Urías, Julio","L",1849,119,"44.9",1.7115291720878385,6.010951865873445,0.03136948126317738,4.335643120335798
630023,"Chirinos, Yonny","R",1342,9999,"46.4",-1.543570396288488,6.622332339791356,0.1356909768988208,4.856536496662071
640448,"Finnegan, Kyle","R",1088,120,"50.2",-1.0276137192957593,5.68688419117647,0.3727335230549439,4.004981293580267
640455,"Manaea, Sean","L",1981,137,"27.9",2.7517773527924394,5.66449772841999,0.6558360429877058,4.55153098670885
641154,"López, Pablo","R",3023,142,"36.0",-2.2134358419568003,5.522256037049289,-0.25187306252185415,4.095243369432096
641360,"Bickford, Phil","R",1229,9999,"27.9",-2.2569123902246724,5.091708706265257,-0.17942623366677835,3.993657064929678
641482,"Cortes, Nestor","L",1068,147,"48.7",1.6626781820377925,5.7200374531835205,0.29208899604104493,4.163091125731873
641540,"Dunning, Dane","R",2655,140,"37.8",-1.9775432468692593,5.454316384180791,-0.1054020187585392,4.0004535153462175
641585,"France, J.P.","R",2202,117,"42.2",-1.3748565264838482,5.522016348773842,0.09346447262333221,4.192164999409061
641656,"Hamilton, Ian","R",979,147,"41.5",-1.550363470106251,6.0736874361593465,0.11644154472077622,4.595994593140441
641712,"Hudson, Dakota","R",1317,138,"41.5",-1.7417695967864903,6.280751708428246,0.03963960921015054,4.701555153437091
641793,"Littell, Zack","R",1313,9999,"43.0",-1.8711387423259604,6.151591774562071,-0.20457073288776842,4.597649528980047
641927,"Ober, Bailey","R",2326,142,"31.3",-2.353721661793247,5.832115219260533,-0.25743754201516456,4.559677270696444
641941,"Pagán, Emilio","R",1061,142,"41.0",-1.5631246710952087,5.597379830348728,0.18352693940569972,4.080876044443996
642232,"Yarbrough, Ryan","L",1422,9999,"19.8",2.939776215498907,5.251526019690576,0.7671886026434612,4.47018227854369
642545,"Barria, Jaime","R",1349,108,"55.5",-1.1484064110601475,6.4384136397331355,0.1283023923444976,4.5797159335693305
642547,"Peralta, Freddy","R",2839,158,"35.7",-2.1635698715339613,5.073709052483268,-0.34276497436080966,3.7687007690815286
642585,"Bautista, Félix","R",977,110,"64.1",-0.32197018952891043,6.930747185261003,0.7869788901417085,4.639732281968338
643377,"Jax, Griffin","R",1046,142,"46.4",-1.3852521148026253,5.50244741873805,0.20607509790288445,3.830151240103203
643410,"Leiter Jr., Mark","R",1046,112,"48.9",-1.4171996904384634,5.700162523900573,0.045675677907178865,4.022349888123162
643511,"Rogers, Tyler","R",1087,137,"-62.9",-2.7421819104827403,1.0901195952161915,-1.6516520275267421,3.224016553762092
645261,"Alcantara, Sandy","R",2718,146,"33.7",-2.3035710666748406,6.028451066961001,-0.14747938438402988,4.589227706030569
650556,"Abreu, Bryan","R",1209,117,"42.3",-1.755926789310209,5.691373035566584,-0.015609428469485405,4.103301546555911
650633,"King, Michael","R",1642,147,"31.3",-1.910837038652567,5.65095006090134,0.009936219742021482,4.480639093666478
650644,"Civale, Aaron","R",2007,9999,"47.0",-1.287556910078565,6.3489486796213255,0.2301983492269037,4.7213885902904895
650911,"Sánchez, Cristopher","L",1460,143,"28.2",2.1635760312613947,6.067178082191781,0.07200371529558273,4.945971672038678
656061,"Abreu, Albert","R",1044,147,"39.9",-1.6120763139935956,5.743199233716475,0.09202673054070112,4.31871602399929
656232,"Bielak, Brandon","R",1377,117,"45.9",-1.5635231731892891,6.223318809005083,0.08090554862996231,4.52241055628695
656234,"Bird, Jake","R",1391,115,"19.3",-2.4681367589287513,5.2684327821711,-0.225958336504983,4.481668407357715
656288,"Canning, Griffin","R",2081,108,"45.5",-1.4962539078300219,5.818226814031716,0.07313711005524048,4.221331376489261
656302,"Cease, Dylan","R",3153,145,"53.4",-1.2596595810349345,6.161135426577863,0.04229613471141708,4.407612370839983
656412,"Faedo, Alex","R",1033,116,"31.6",-2.4297743755045493,6.0975605033881894,-0.3330910502439117,4.807909416095929
656427,"Flaherty, Jack","R",2630,9999,"29.8",-1.894651843836691,5.4069543726235745,0.06320907555763404,4.285364436266038
656464,"Ginkel, Kevin","R",988,109,"40.7",-1.7926670498461523,6.431538461538461,0.02196926062843246,4.871768846749226
656557,"Houck, Tanner","R",1651,111,"20.1",-2.5148909197524443,5.2939430648092065,-0.21009089424547972,4.452039597726652
656578,"Jackson, Andre","R",1001,9999,"53.3",-1.3563275287064722,5.996033966033966,0.051362437295325,4.102622272201951
656605,"Keller, Mitch","R",3119,134,"38.9",-1.8009447272233345,5.89159025328631,-0.1299106717267921,4.543996103006186
656629,"Kopech, Michael","R",2430,145,"41.2",-1.73660324053944,5.681633744855967,-0.09301078600089493,4.240069572926065
656638,"Lange, Alex","R",1146,116,"40.8",-1.635557729387599,5.7163525305410126,0.12181010365434448,4.193694821949087
656731,"Megill, Tylor","R",2235,121,"41.4",-1.8430041987887555,5.978013422818792,-0.08986443104555225,4.432240490495161
656756,"Montgomery, Jordan","L",2913,9999,"46.6",1.5662175322285325,6.689721936148301,-0.12836558692883887,4.899095615083408
656849,"Peterson, David","L",1962,121,"40.6",1.7445577044327205,6.110886850152905,-0.11924875427235114,4.512813437032676
656945,"Scott, Tanner","L",1207,146,"32.9",2.3338253939669893,5.082908036454018,0.4601124678236136,3.8735971947655314
657006,"Steele, Justin","L",2589,112,"47.3",1.5957852952955038,6.104013132483584,0.048775894312217676,4.426998732330461
657024,"Swanson, Erik","R",1059,141,"48.2",-1.5670629374302993,6.038508026440038,-0.12571206255186426,4.422959701581723
657053,"Toussaint, Touki","R",1503,9999,"36.2",-1.9945500589606335,5.706586826347305,-0.04947681221039798,4.284288218156675
657240,"Merryweather, Julian","R",1214,112,"54.9",-1.1763265560614236,6.091243822075782,0.2638471989739433,4.0403401120909646
657277,"Webb, Logan","R",3180,137,"22.0",-2.6011192006963033,5.020924528301887,-0.4582483530084418,4.1525052628672965
657376,"Schmidt, Clarke","R",2706,147,"34.1",-1.9528377517266027,5.567575757575757,-0.002111306754778774,4.243469958486654
657508,"Baumann, Mike","R",1069,110,"47.5",-1.445969221992162,6.088147801683816,0.12940199355020518,4.367929384167988
657571,"Ferguson, Caleb","L",1065,119,"41.1",1.7695558643173859,5.734657276995305,-0.0561437249880746,4.140321677253061
657746,"Ryan, Joe","R",2683,142,"27.4",-1.9708593536018977,5.000633619083116,0.05485615418396545,3.950007554729953
657756,"Seabold, Connor","R",1562,115,"30.8",-2.174488313435224,5.532964148527529,-0.322569794598086,4.428168233799165
660261,"Fujinami, Shintaro","R",1399,9999,"35.3",-1.9251922569577173,5.53867762687634,0.0803267585453832,4.116306876442175
660271,"Ohtani, Shohei","R",2094,108,"35.6",-1.9946456234892542,5.692917860553964,-0.17424258530016157,4.389658160996447
660853,"De Los Santos, Enyel","R",1048,114,"25.0",-2.404702209271416,5.4238549618320615,-0.2729653578329319,4.430562389527289
661395,"Duran, Jhoan","R",1017,142,"38.8",-1.8133830521013043,6.065526057030482,0.06797300104988808,4.553298937492222
661403,"Clase, Emmanuel","R",1120,114,"53.1",-1.2603872953231638,6.030696428571429,0.18883785260695188,4.100586616453399
663556,"McClanahan, Shane","L",1820,139,"43.3",1.5243685663408895,6.128994505494505,-0.03773409928306987,4.660040072917279
663559,"Falter, Bailey","L",1292,9999,"56.7",0.9061371393455432,5.729434984520124,-0.2674247907733316,3.9410239536597076
663567,"Lambert, Peter","R",1450,115,"49.9",-1.3644378070093546,5.941434482758621,0.12284264515335915,4.1757436724445265
663623,"Irvin, Jake","R",2147,120,"31.8",-2.0489074359988573,5.877051700046577,-0.034146807426023294,4.625713586673608
663687,"Harris, Hogan","L",1109,133,"49.0",1.7302813805077104,5.99009918845807,0.19283130005834617,4.218179376724868
663773,"Hoeing, Bryan","R",1124,146,"34.4",-1.7662217802522377,6.035854092526691,0.0875388073216993,4.767976506429165
663776,"Sandoval, Patrick","L",2618,108,"54.9",1.0405113956800773,6.1239190221543165,-0.20079865646307138,4.3588840716743675
663855,"Hicks, Jordan","R",1062,9999,"39.8",-1.8359059654573673,5.933709981167608,-0.06572160966595164,4.460150285255345
663903,"Singer, Brady","R",2611,118,"30.1",-1.865545366736268,5.27864036767522,-0.06331829497580167,4.235293031675258
663941,"Beck, Tristan","R",1298,137,"45.3",-1.7085138117517376,6.047904468412943,-0.07753733132558248,4.398984396534913
663947,"Holton, Tyler","L",1195,116,"46.2",1.5225299591324575,5.859983263598326,-0.05749430059890065,4.208572477867526
663986,"Stephan, Trevor","R",1127,114,"37.6",-1.9450815955982315,5.798677905944987,-0.06020087220659014,4.345313978951264
664062,"Gonsolin, Tony","R",1664,119,"40.8",-1.9050542773453196,6.0583473557692304,-0.1698593579138386,4.5611712092824455
664139,"Gibaut, Ian","R",1214,113,"44.8",-1.5819253358000573,5.7573805601317956,0.041277588708090694,4.143475563244618
664199,"Clarke, Taylor","R",1066,118,"53.3",-1.2569213929627823,6.079878048780488,0.19445715779915923,4.12736947666155
664208,"Maton, Phil","R",1039,117,"30.5",-2.058298681306735,5.3766025024061594,-0.14655442578991523,4.250449257993512
664285,"Valdez, Framber","L",2900,117,"49.1",1.4732918707651594,6.1755862068965515,0.05617719703116356,4.540997036787756
664299,"Javier, Cristian","R",2839,117,"38.5",-1.990898842388487,5.722229658330398,-0.10433772517877112,4.223383517582639
664353,"Urquidy, José","R",1093,117,"51.9",-1.4623609867281138,6.092470265324794,-0.1278163041262417,4.389182044219168
664747,"Díaz, Alexis","R",1161,113,"11.8",-2.713314710513411,4.619138673557278,-0.5719874248642375,4.17221242597736
664875,"Lawrence, Justin","R",1183,115,"-4.7",-3.2681934515142093,4.24381234150465,-0.8206643744641482,4.443003524529769
665152,"Kremer, Dean","R",2925,110,"37.3",-1.8968386572738052,5.853015384615385,-0.09019404524886879,4.4728133140759025
665622,"Medina, Luis","R",1945,133,"44.2",-1.7766586460954357,6.195686375321337,-0.05771101132296808,4.524234417194782
665795,"Cabrera, Edward","R",1800,146,"44.1",-1.62807688455724,6.21635,0.15072934586056644,4.490148741632006
665871,"Assad, Javier","R",1710,112,"52.6",-1.1643083382026609,5.996304093567251,0.1995090854364074,4.212981505040081
666129,"Garrett, Braxton","L",2475,146,"43.0",1.5998707685950524,6.01909898989899,-0.06274446389023927,4.465559504456328
666142,"Ragans, Cole","L",1574,9999,"43.0",1.8388152912545408,6.260368487928844,0.07839168897661872,4.619727563322892
666159,"Manning, Matt","R",1180,116,"44.4",-1.686963230372459,5.447152542372882,-0.13792671825432792,3.9296069486993566
666200,"Luzardo, Jesús","L",2988,146,"34.9",2.034837447193381,5.802630522088354,0.12485523988407582,4.470372516924502
666201,"Manoah, Alek","R",1684,141,"37.2",-2.3474370161225253,5.794020190023753,-0.3524018704404673,4.276837027110563
666205,"Muller, Kyle","L",1453,133,"36.1",2.272471291487152,6.076035788024776,0.17722002857202443,4.546846695447246
666214,"Wentz, Joey","L",1930,116,"40.2",1.7108771971927268,6.036839378238342,-0.1864355083908269,4.432752147211216
666374,"Brash, Matt","R",1287,136,"30.8",-1.9568741895292827,5.107661227661228,0.10394918885827975,3.88077233489426
666619,"Santos, Gregory","R",1044,145,"33.9",-2.022376277142136,5.895593869731801,0.04650900545345272,4.5026223360207895
666745,"Brito, Jhony","R",1445,147,"49.5",-1.1770979647282285,6.112636678200692,0.45566082434357824,4.198550220380068
666808,"Doval, Camilo","R",1121,137,"18.4",-2.158822906813728,5.340704727921499,0.0295299388119533,4.611641635460445
666974,"Cano, Yennier","R",1013,110,"14.5",-2.9570948219971913,5.363514313919052,-0.48941013500078306,4.723254485714236
668674,"Erceg, Lucas","R",1053,133,"46.4",-1.3656418592419242,6.1467331433998105,0.23909270770381882,4.460248795310233
668678,"Gallen, Zac","R",3158,109,"42.7",-1.4791074632988466,5.907973400886637,0.07829188338701246,4.471609564877249
668868,"Thompson, Zack","L",1168,138,"55.6",1.017747411382044,5.914948630136986,-0.3133383083962103,3.967461241926721
668881,"Greene, Hunter","R",2002,113,"29.1",-2.4284466747471978,5.952352647352647,-0.37192104308347623,4.810053981624436
668909,"Williams, Gavin","R",1385,114,"39.8",-1.9114910551338715,5.877545126353791,-0.12120475620507473,4.385355301067588
668933,"Ashcraft, Graham","R",2303,113,"48.8",-1.459549934581831,6.234311767260095,0.11246429264162144,4.437362656435882
669022,"Gore, MacKenzie","L",2459,120,"50.4",1.4276575538035254,5.992265148434323,-0.006977134452435268,4.260540824168774
669060,"Wilson, Bryse","R",1156,158,"43.1",-1.9102616060167728,5.682664359861592,-0.22402641977992835,4.101971222915086
669194,"Nelson, Ryne","R",2318,109,"48.9",-1.2554949904527748,5.974033649698016,0.24287247054363356,4.256910804307604
669203,"Burnes, Corbin","R",3077,158,"43.4",-1.5989641514495245,5.898371790705232,0.04124378990346989,4.349222109237822
669212,"Morgan, Eli","R",1188,114,"49.6",-1.0532693266091018,5.678552188552189,0.3967544411734697,3.9769085884843682
669302,"Gilbert, Logan","R",2873,136,"52.3",-1.1952389508763979,6.2047372084928645,0.2503747552819818,4.334945214744443
669330,"Wells, Tyler","R",1903,110,"50.5",-1.4477296223929192,6.913011035207567,0.14848908820204143,4.973777313473519
669373,"Skubal, Tarik","L",1218,116,"47.4",1.9621037228402656,6.150607553366174,0.23055722064165268,4.268005320592187
669456,"Bieber, Shane","R",1954,114,"42.9",-1.4447221404289863,5.637906857727738,0.11707868839822148,4.187381647545964
669461,"Liberatore, Matthew","L",1003,138,"46.4",1.5292076837106952,6.394526420737787,-0.05753078358507366,4.727135297849767
669467,"Pallante, Andre","R",1115,138,"53.1",-1.653193189728664,5.944412556053812,-0.318527522921113,4.166826665867325
669713,"Wesneski, Hayden","R",1461,112,"39.0",-1.9791892457792803,5.5334839151266255,-0.11992357723874815,4.026396882339521
669923,"Kirby, George","R",2825,136,"35.7",-1.8262923565097229,5.871847787610619,0.15110280766015174,4.451407633303361
669947,"Scholtens, Jesse","R",1447,145,"50.8",-1.4111401842581017,6.070974429854872,0.07735486044640888,4.244650589701232
670174,"Winckowski, Josh","R",1332,111,"52.4",-1.046422445165135,5.99180930930931,0.3317859309844604,4.198209776822277
670280,"Bednar, David","R",1052,134,"38.2",-1.8244247497888677,5.865684410646388,-0.0992324182611171,4.504767998651241
670912,"Oviedo, Johan","R",2963,134,"30.3",-2.167541979578905,5.638454269321634,-0.17514499375241765,4.477477986100708
670950,"Richards, Trevor","R",1351,141,"50.9",-1.1644766529738024,6.266476683937824,0.3665119163727667,4.385203107620816
671096,"Abbott, Andrew","L",1895,113,"45.9",1.540490630183606,5.782084432717678,0.04250664851212733,4.23316282952135
671106,"Allen, Logan","L",2133,114,"43.4",1.3060874521999941,5.229535864978903,-0.29013675561773106,3.717143350147458
671345,"Foley, Jason","R",1046,116,"31.4",-2.244936827060831,5.677179732313576,-0.11252519972529251,4.375527344642011
671737,"Bradley, Taj","R",1821,139,"55.8",-1.296217827131118,6.107935200439319,-0.012722030950066614,4.219443503892496
672282,"Detmers, Reid","L",2599,108,"38.8",1.7331720132383814,6.067275875336668,-0.05636487340187746,4.626845492953207
672578,"Hernández, Carlos","R",1250,118,"41.5",-1.6141674862810367,6.039608,0.2860150527629233,4.358945780606061
672710,"Contreras, Roansy","R",1139,134,"50.0",-1.1393473629438107,5.8742142230026335,0.3604942425337922,4.087990542568692
673540,"Senga, Kodai","R",2754,121,"47.6",-1.3992889430224555,5.923126361655774,0.11981674229802834,4.258897270960276
674072,"Henry, Tommy","L",1309,109,"42.2",1.7739329508573625,5.665324675324675,-0.040047116561743805,4.01692053485468
675540,"Curry, Xzavion","R",1494,114,"61.8",-0.7787825449066197,6.0458835341365464,0.2996987723323478,4.036907724182529
675627,"Grove, Michael","R",1132,119,"51.4",-1.207579863399291,6.065865724381625,0.13091873177314614,4.388459818408571
675911,"Strider, Spencer","R",2998,144,"47.7",-1.5073589649305488,5.844479653102068,-0.09607719900016529,4.293188955292833
676254,"Walker, Ryan","R",1078,137,"19.1",-2.8256059919635925,5.298107606679035,-0.5434636461196048,4.509284857579395
676272,"Miller, Bobby","R",1961,119,"46.7",-1.2767008859556932,5.984018357980622,0.34083568480194454,4.267460696187055
676440,"Bibee, Tanner","R",2321,114,"59.4",-1.0760590696807528,6.365127100387764,0.06155475769172577,4.444585943731611
676477,"Whitlock, Garrett","R",1144,111,"36.3",-2.0186864797884985,5.707613636363637,-0.2289970685620084,4.391005411010558
676664,"Sears, JP","L",2865,133,"23.0",2.233199036448731,4.75873647469459,0.241630157783564,3.915344698385145
676710,"Crawford, Kutter","R",2006,111,"48.1",-1.4619905130982567,5.952941176470588,0.01341795691357301,4.309178477668598
677960,"Weathers, Ryan","L",1072,9999,"38.5",1.72860038598977,5.8125466417910445,-0.02121013764732487,4.421376539262245
678394,"Bello, Brayan","R",2549,111,"29.7",-2.219920367520894,5.232899176147509,-0.19403007390266638,4.0781053066841775
679525,"Marsh, Alec","R",1342,118,"36.6",-2.1463914628621494,5.67,-0.2847367298389346,4.287410708934705
680570,"Rodriguez, Grayson","R",2080,110,"42.4",-1.666469397966992,5.779951923076923,0.101430912004662,4.165839762314891
680686,"Gray, Josiah","R",2811,120,"33.8",-2.1829069962387875,5.177431519032373,-0.16524091758821183,3.828051703233604
680694,"Bradish, Kyle","R",2638,110,"53.7",-1.1639965822987732,6.266383623957544,0.16293125342079764,4.459666847791567
680704,"Sandlin, Nick","R",1004,114,"5.5",-2.629872041183125,4.176593625498008,-0.6292973369445569,3.9808416064796077
681857,"Olson, Reese","R",1710,116,"37.7",-2.0548707089203027,5.937070175438596,-0.13664435464031438,4.4518149107170775
682227,"Williamson, Brandon","L",1938,113,"45.1",1.6288933444643225,6.525665634674922,-0.09778195987373278,4.791365641895186
682243,"Miller, Bryce","R",2094,136,"46.0",-1.4493854624984965,5.636251193887297,0.20947702062764847,3.9163487474185645
682847,"Ortiz, Luis","R",1459,134,"31.3",-1.8732823550497455,5.307854694996573,0.09156409787916663,4.109054796279532
686218,"Sheehan, Emmet","R",1031,119,"29.7",-2.211850741891889,5.342938894277401,-0.20047115575795613,4.1967849198033855
686610,"Waldichuk, Ken","L",2553,133,"34.4",1.9440522560842357,5.465891108499804,0.10952002718831363,4.209216036776139
686613,"Brown, Hunter","R",2719,117,"56.5",-1.0339123947933033,6.16672305994851,0.18164997184269407,4.3259722854095335
686973,"Varland, Louis","R",1091,142,"36.1",-2.1241624062388733,5.455820348304308,-0.27775958694618585,4.108381394524312
687330,"Kelly, Kevin","R",1038,139,"4.2",-2.691197302298066,3.737610789980732,-0.5965614950078822,3.5809943165074754
691587,"Pérez, Eury","R",1534,146,"32.0",-2.1742494441631366,5.942177314211213,0.018352320195590386,4.569683093725816
693433,"Woo, Bryan","R",1447,136,"26.9",-2.1556491771131436,4.944872149274361,-0.19457921423265542,3.947865315601644
693821,"Elder, Bryce","R",2837,144,"52.9",-1.17332322568479,6.514272118434967,0.23246249490279017,4.653708998232548
694297,"Pfaadt, Brandon","R",1561,109,"29.2",-2.3469621259687834,5.480301089045484,-0.32981841728130307,4.350435472713341