"year","last_name, first_name","player_id","team_id","pa","pitches","runs_all","runs_heart","runs_shadow","runs_chase","runs_waste"
"2023","Rivera, Emmanuel","656896","109","283","1132",-7.972698201225943,-10.113963010245262,-11.540433398222293,9.249255527971716,4.432442679269901
"2023","Moreno, Gabriel","672515","109","380","1544",0.13325317500758502,-3.183273096618865,-9.783677027596237,8.007793118015266,5.092410181207418
"2023","Rutschman, Adley","668939","110","681","2904",21.693931800959028,5.6298669720025,-26.34932756772881,27.574728384615813,14.838664012069447
"2023","Henderson, Gunnar","683002","110","620","2405",12.863923859628809,8.582632607384928,-19.424328316411163,13.636174556715831,10.069445011939166
"2023","Duvall, Adam","594807","111","352","1336",6.7561373009898595,6.876231888724425,-10.717165232842566,3.702287470152572,6.894783174955422
"2023","Bader, Harrison","664056","113","343","1238",-14.866007917114672,-14.33888346180773,-8.02591518883326,4.080675308087225,3.4181154254390713
"2023","Naylor, Josh","647304","114","486","1649",15.658924929714342,3.1659356380420953,0.09159152916066107,6.7643195792113655,5.637078183300211
"2023","Rogers, Jake","668670","116","361","1420",-6.047297132655617,-9.324824214710727,-8.776536331910865,6.275995553312851,5.778067860653124
"2023","Abreu, José","547989","117","591","2400",-10.845701211316001,-13.280370402732625,-15.646703887244694,9.268850051860769,8.812523026800513
"2023","LeMahieu, DJ","518934","147","559","2254",-3.831192552013293,-21.712381904941893,-1.5087546721963092,10.82455371055822,8.565390314566704
"2023","Stott, Bryson","681082","143","638","2665",-0.1807228967815262,-10.592880008424864,-13.247761004943372,14.931779350760417,8.728138765826326
"2023","Bogaerts, Xander","593428","135","665","2644",7.0870263094086114,-6.316906118676013,-11.196068245184602,14.430424801122307,10.169575872146936
"2023","Soto, Juan","665742","135","697","2897",49.20337966709623,2.5760888809695666,-7.104425969074531,36.16714842499104,17.564568330210196
"2023","Arenado, Nolan","571448","138","607","2285",8.237157936066994,0.35661449926070654,-8.922673317668279,9.926255991289196,6.87696076318535
"2023","Bethancourt, Christian","542194","139","332","1180",-14.27287421689586,-0.5489484243256315,-14.305967371413445,-1.4786609767965655,2.0607025556397636
"2023","Franco, Wander","677551","139","487","1901",14.425457792885165,2.5070147237785716,-8.958299507945993,13.381630456114726,7.495112120937794
"2023","Kwan, Steven","680757","114","716","2843",-4.375064453444942,-22.493330322338345,-17.948656114433657,24.78360614887219,11.283315834454877
"2023","McMahon, Ryan","641857","115","625","2742",6.403706367494051,-0.8047431807478366,-20.443400797007843,18.2602786512892,9.391571693960504
"2023","Torkelson, Spencer","679529","116","678","2790",9.403079942537426,0.8085601649503846,-18.22984511388654,15.310048232817325,11.51431665865625
"2023","Chisholm Jr., Jazz","665862","146","383","1545",-0.29915889766441894,-2.4615317014257876,-9.217491662296702,5.796056233624975,5.583808232433108
"2023","Adames, Willy","642715","158","637","2596",-2.328999073129172,-6.033969763466625,-21.267832583340446,13.128040297112936,11.844762976565057
"2023","Yastrzemski, Mike","573262","137","378","1573",6.834112643347338,2.540252909191758,-17.213413710209178,15.202285249657967,6.3049881947068025
"2023","Lowe, Nathaniel","663993","140","722","3044",13.74966194920646,5.024946723386204,-29.768339231835785,22.91340727751533,15.57964718014082
"2023","Mateo, Jorge","622761","110","350","1317",-12.807929538767691,-8.593745569369611,-11.322674917549636,2.34716533842232,4.761325609729231
"2023","Frazier, Adam","624428","110","455","1749",-8.063769623295734,-7.728034621329228,-15.133700105434489,8.064817814036026,6.733147289431959
"2023","Hays, Austin","669720","110","565","2122",9.493544597723261,3.6535058374850675,-11.553558310407498,7.9041053451063865,9.48949172553929
"2023","Bryant, Kris","592178","115","334","1281",-2.518633439079371,1.4273455728424067,-19.685267482820095,6.936086633112207,8.80320183778611
"2023","Baddoo, Akil","668731","116","352","1408",-7.004846796272334,-12.609117914842733,-12.355248221634136,10.676965469957226,7.282553870247326
"2023","Julks, Corey","667452","117","323","1326",-10.194845110075548,-13.046145887318412,-5.528346738940018,3.169650038107294,5.209997478075598
"2023","Isbel, Kyle","664728","118","313","1127",-12.55444271016481,-9.648496283029688,-11.08754297118231,4.389687747783248,3.7919087962639457
"2023","Melendez, MJ","669004","118","600","2440",-3.3023481192341815,-5.774698990745805,-21.977659937650472,13.251313307014977,11.198697502147143
"2023","Berti, Jon","542932","146","422","1588",-1.5795550067801232,-6.429388227012252,-10.013128284226076,10.053586219086906,4.8093752853712965
"2023","Burger, Jake","669394","146","540","2048",15.144747636916303,14.76774832067467,-8.80594810370281,-0.6937798672892012,9.876727287233633
"2023","Turang, Brice","668930","158","447","1795",-22.849766390017745,-29.275069149075136,-13.755848838321088,13.189178845438947,6.991972751939502
"2023","Farmer, Kyle","571657","142","369","1398",3.005893352464217,5.161020747747074,-13.470533966199179,5.056901745232502,6.258504825683825
"2023","Nimmo, Brandon","607043","121","680","2847",24.48968001192405,-1.4747786731617478,-11.396366804052178,25.68695613498046,11.67386935415745
"2023","Rizzo, Anthony","519203","147","420","1670",2.204820527634205,-1.7232492423917347,-12.36412173777808,7.68928015794652,8.602911349857457
"2023","Ruiz, Esteury","665923","133","496","1753",-10.349497486875306,-8.649691439085068,-14.966941851104089,4.456007872372183,8.811127930941664
"2023","Rooker, Brent","667670","133","525","2152",13.401959684585627,1.8776352908205256,-10.135677744961269,11.427901273122554,10.232100865603805
"2023","McCutchen, Andrew","457705","134","471","2006",8.379296211959526,-9.007656855777958,-10.251416332635342,19.05819344896002,8.580175951412798
"2023","Kim, Ha-Seong","673490","135","624","2727",8.874807198486181,-20.49912960113867,-6.4797306367836525,26.943787294521087,8.90988014188746
"2023","Conforto, Michael","624424","137","466","1900",-3.2181469235612665,-15.780959557539589,-12.55653705583529,13.652710951436449,11.466638738377185
"2023","Walker, Jordan","691023","138","465","1667",7.792905678212828,3.4924015597259466,-9.109257982590306,5.683790524638493,7.725971576438671
"2023","Margot, Manuel","622534","139","336","1225",-6.8237056368581674,-10.37689880382375,-6.3096590749497725,6.130489836056399,3.732362405858968
"2023","Ruiz, Keibert","660688","120","561","1887",-5.059683691172217,-11.77544627744373,-11.643126594025711,11.069441808788758,7.2894473715084835
"2023","Ward, Taylor","621493","108","406","1627",3.4374033506812474,-14.247687649413567,-4.759828607432329,12.715543211029203,9.729376396497933
"2023","Straw, Myles","664702","114","518","1991",-24.396461577301736,-19.377158323648935,-24.308290633161448,13.011832426066288,6.277154953442333
"2023","Arias, Gabriel","672356","114","345","1345",-13.62747887987907,-7.160401176519513,-16.915873047868306,3.100971050215973,7.347824294292779
"2023","Sheets, Gavin","657757","145","342","1421",-18.35396936364154,-15.88588966286624,-19.553697841290507,9.622382069912621,7.46323607060258
"2023","Martinez, J.D.","502110","119","477","1865",28.124567487432305,20.668840628088248,-2.729000304144206,3.944689249563362,6.240037913924861
"2023","Lindor, Francisco","596019","121","685","2741",20.642723487904835,-0.9702581325915827,-14.138983470252967,22.223998706016186,13.527966384733144
"2023","Cabrera, Oswaldo","665828","147","329","1221",-18.36379739836262,-16.2667000274833,-14.242103157503507,6.36916411058223,5.77584167604194
"2023","Kemp, Tony","643393","133","419","1481",-14.06305031586355,-27.93194523347197,-10.823428135419192,17.353426414245984,7.338896638781632
"2023","García, Adolis","666969","140","632","2562",26.370378161498348,2.2783902727615994,-7.48805974638344,17.752002608684926,13.828045026435268
"2023","Jung, Josh","673962","140","515","1976",7.580796932939966,2.8431122512234817,-10.01810072486808,8.07559316606852,6.680192240516061
"2023","Biggio, Cavan","624415","141","338","1387",-1.7908484310290393,-0.8583733162582085,-22.194814424082622,15.220772889376574,6.041566419935226
"2023","Jansen, Danny","643376","141","300","1185",5.002685074147681,-4.678645591616615,-8.18783853774917,12.009928579477336,5.859240624036161
"2023","Kirk, Alejandro","672386","141","421","1725",-7.683430898611762,-18.25849900383798,-8.37280873337337,9.622728624407207,9.325148214192398
"2023","Acuña Jr., Ronald","660670","144","732","2782",65.55387572290485,13.994961233000137,4.29914347378929,31.796199510059672,15.463571506055603
"2023","Steer, Spencer","668715","113","665","2684",25.803869888848105,-0.3026368227671451,-2.3247309067499993,18.162703763907675,10.268533854457587
"2023","Laureano, Ramón","657656","114","404","1653",-7.943057438357695,-8.610870700910326,-14.823806993284078,10.920107557386336,4.571512698450384
"2023","McKinstry, Zach","656716","116","514","2096",-15.955291312877089,-17.386560422072005,-18.854829336101076,14.012161523846466,6.273936921449526
"2023","Perez, Salvador","521692","118","574","2061",-5.683126227276829,-4.2569004048169115,-6.580506463953677,-3.2200968184979533,8.374377459991702
"2023","Wendle, Joey","621563","146","317","1180",-21.932621242656047,-14.924514264357846,-12.381735451684925,1.728648627393738,3.644979845992966
"2023","Soler, Jorge","624585","146","575","2315",19.030408378051597,3.1729612335272477,-12.63737244008462,16.0296167234761,12.465202861132852
"2023","Bauers, Jake","641343","147","272","1169",-4.367009271149018,-2.8538539401547203,-14.168964470372927,9.718941666949236,2.936867472429388
"2023","Grisham, Trent","663757","135","555","2341",-0.45772924148222316,-20.80755216280922,-9.274389070206578,19.559723803299885,10.064488188233714
"2023","Díaz, Yandy","650490","139","599","2357",38.47073184826061,4.785389522451956,-2.159294596402893,23.889084874865365,11.955552047346126
"2023","Arozarena, Randy","668227","139","652","2678",23.110601823762003,-14.356370345347537,-0.2898615091229071,20.839112722384467,16.91772095584789
"2023","Garver, Mitch","641598","140","342","1430",19.45505731949475,6.137828266433547,-8.161552540694142,15.741195680929263,5.737585912826052
"2023","Mullins, Cedric","656775","110","454","1782",-5.841611738084859,-6.860605371070161,-16.469710970599454,11.318661227302995,6.170043376281774
"2023","Díaz, Elias","553869","115","525","1984",-3.9142424754554335,6.841409481722811,-28.09901601814633,9.359148953102567,7.984215107865559
"2023","Outman, James","681546","119","566","2352",8.631603673306605,-0.45655140686093776,-23.834255266325616,21.59115781912656,11.331252527366694
"2023","Marte, Starling","516782","121","340","1269",-14.452863157431745,-6.9387131443446535,-17.17358498810832,6.901750770086788,2.7576842049344292
"2023","Stanton, Giancarlo","519317","147","411","1719",0.9716101914809556,11.20044564767478,-26.760105494398754,8.600178637082028,7.931091401122926
"2023","Gelof, Zack","680869","133","298","1155",8.932725309487655,-2.802144196529504,2.3726792442786744,3.1351055819555045,6.227084679782972
"2023","Bailey, Patrick","672275","137","353","1411",-11.113171617945204,-10.654931877842152,-11.810649016016512,6.685788946906327,4.666620329007116
"2023","Edman, Tommy","669242","138","527","1809",-3.720131953405183,-11.71040818942384,-10.286115867471736,9.130405024848455,9.14598707864193
"2023","Merrifield, Whit","593160","141","590","2200",-7.990790522465522,-9.641801795530334,-21.586270434948734,13.33984561203984,9.897436095973779
"2023","Neto, Zach","687263","108","329","1288",-1.5828299626945028,-6.503351386171305,-11.865945521708484,9.41176071887799,7.374706226307291
"2023","Pham, Tommy","502054","109","480","1917",3.6897105881596217,-5.161715869280637,-13.111063797576795,14.811144634782485,7.1513456202345465
"2023","Peterson, Jace","607054","109","428","1740",-18.87092051801592,-19.154059308221303,-22.376814494970603,15.439496220717462,7.220457064458515
"2023","Turner, Justin","457759","111","625","2670",11.983015859692742,-16.470013844336496,-4.246271563500943,20.38316502398964,12.31613624354049
"2023","India, Jonathan","663697","113","529","2205",7.157005590197589,-4.741121656454899,-17.403827804464466,19.284899589508424,10.017055461608534
"2023","Ramírez, José","608070","114","668","2610",14.785341368384346,6.171125111259217,-22.044779237373294,19.182731435162555,11.476264059335943
"2023","Brennan, Will","686823","114","453","1610",-12.905262883039038,-6.606447519842097,-14.339293132779664,3.0048644606693875,5.035613308913335
"2023","Benintendi, Andrew","643217","145","615","2351",-9.65472305755124,-23.38392508745048,-20.938676337052506,22.826690989499284,11.841187377452494
"2023","Muncy, Max","571970","119","575","2485",11.401515777863606,-1.4657178809570082,-23.68839347857068,20.04317329636439,16.512453841026954
"2023","Vargas, Miguel","678246","119","303","1204",-4.634678014211877,-9.400434175873356,-12.178561851594605,11.788048933917622,5.156269079338444
"2023","Canha, Mark","592192","158","503","2085",0.8916054896091994,-12.536277682387778,-19.990342238201546,21.048827700605724,12.369397709592826
"2023","Miller, Owen","680911","158","312","1192",-9.568233239617282,-13.254444010625747,-6.381955427761614,6.46860167053514,3.5995645282349327
"2023","McNeil, Jeff","643446","121","648","2193",-7.344908875884817,-27.806653119192255,-7.270614416694952,17.933129090496788,9.79922956950562
"2023","Judge, Aaron","592450","147","449","1901",44.799550151305276,24.66891946315291,-13.849721563146026,25.414252043574912,8.566100207723588
"2023","Torres, Gleyber","650402","147","671","2647",16.76438829803614,-0.24125203239488863,-19.53084041892351,24.237802692019976,12.298678057334493
"2023","Pederson, Joc","592626","137","419","1723",6.600799176570168,-5.959737731863646,-13.577190345536895,15.388418503214957,10.749308750755766
"2023","Gorman, Nolan","669357","138","462","1888",18.70746548745334,15.613709172042215,-17.506279186708333,12.922780183418572,7.677255318700799
"2023","Drury, Brandon","592273","108","522","1963",9.492944097891796,13.492707538455026,-14.629877980685306,3.1255473396284206,7.504567200493684
"2023","Rosario, Eddie","592696","144","515","1908",1.59741146612595,5.38247413586204,-12.403417810227278,3.0009984354405095,5.617356705050698
"2023","Verdugo, Alex","657077","111","601","2364",-4.8462593786274235,-10.562643565203397,-20.614456138240612,16.71206907875336,9.618771246063247
"2023","Benson, Will","666181","113","329","1368",11.230743290818031,5.383065450553161,-11.542488771909957,12.6432325456792,4.746934066495608
"2023","Blackmon, Charlie","453568","115","413","1518",10.958571418706157,-2.470771234114323,-5.061500075415201,9.674453461583434,8.816389266652235
"2023","Greene, Riley","682985","116","412","1723",6.410397725780945,-10.705359913956201,0.5936691634541836,11.751246511255564,4.770841965027421
"2023","Pratto, Nick","668472","118","345","1452",-11.689753966392372,-6.474542555641317,-20.005417757681293,9.240745282046564,5.549461064883667
"2023","Taylor, Michael A.","572191","142","388","1526",-3.44184001064817,5.110216553214669,-17.29203502099893,4.08798296058153,4.65199549655456
"2023","Bohm, Alec","664761","143","610","2252",5.2677524981872175,-12.018853496340634,-4.919031570608638,12.394082749200876,9.811554815935601
"2023","Sabol, Blake","666165","137","344","1360",-2.3497958577642426,-4.117759066917285,-11.723427977391667,8.127682665394241,5.3637085211504685
"2023","Ramírez, Harold","623912","139","434","1564",11.619018380009907,4.944037860416784,-1.3104130618248302,3.2007549992459574,4.78463858217201
"2023","Heim, Jonah","641680","140","498","1995",5.143221891386917,-3.0116486733886796,-11.315419342823951,12.434259963845594,7.036029943753988
"2023","Varsho, Daulton","662139","141","580","2313",-17.025324678478814,-11.58286484452252,-25.66317929837688,11.877779833978563,8.342939630441977
"2023","Smith, Dominic","642086","120","585","2210",-8.869855004174301,-19.553270488619805,-13.901595947832563,13.075635753691424,11.509375678586638
"2023","Thaiss, Matt","642136","108","306","1241",-3.638723329238903,-4.941205592803482,-16.710118319982605,11.185034672694842,6.827565910852347
"2023","Rengifo, Luis","650859","108","440","1662",5.312412807155018,-1.6446742323035752,-14.74715778807621,13.530245642665866,8.173999184868897
"2023","Murphy, Sean","669221","144","438","1748",21.16034846143736,12.399479497983936,-16.705332660341547,15.226581976870824,10.239619646924142
"2023","Urías, Ramón","602104","110","396","1461",-3.436235943773501,-11.489115950077561,-5.580856008448128,6.098820026062998,7.534915988689175
"2023","Casas, Triston","671213","111","499","2062",22.05893312564936,3.532750851882712,-8.289378034632401,17.804084744114245,9.01147556428473
"2023","Hoerner, Nico","663538","112","688","2539",5.327751231542395,-14.868550818725268,-10.734632463668056,19.636376381497133,11.294558132438574
"2023","Renfroe, Hunter","592669","113","544","2092",-5.482361215222137,3.041425693342345,-28.492049667512585,10.984694584643808,8.9835681743043
"2023","De La Cruz, Elly","682829","113","424","1755",-5.469435711013137,-8.040679417620046,-11.089074262891003,7.392160206444911,6.268157763053
"2023","Cabrera, Miguel","408234","116","369","1381",-7.505240772274413,-11.267339889369028,-11.378385874952047,10.54500431929608,4.595480672750591
"2023","Maldonado, Martín","455117","117","407","1584",-17.800998206180076,-5.327881913323509,-23.071604480734212,6.061845484979384,4.536642702898205
"2023","Heyward, Jason","518792","119","376","1439",11.387794958961035,-0.48575185467398957,0.37280611448522927,6.12035126657174,5.380389432578068
"2023","Santana, Carlos","467793","158","618","2463",1.3092155715416078,-4.322780904129349,-28.27177093711331,26.20735273260382,7.696414680180466
"2023","Anderson, Brian","605119","158","361","1441",-3.772204510119132,-1.7209363273306983,-17.240152153120842,9.51951609431828,5.669367876014103
"2023","Tellez, Rowdy","642133","158","347","1503",-7.298309503676442,-8.070585399431168,-15.181179028847442,9.321476354175598,6.63197857042654
"2023","Raleigh, Cal","663728","136","566","2338",4.569173822952754,1.061321221047067,-20.253039060642784,13.814420317395589,9.946471345152899
"2023","Wade Jr., LaMonte","664774","137","515","2101",10.03550589583451,-6.076318782010777,-16.502397688983322,22.96975536242294,9.644467004405662
"2023","Grichuk, Randal","545341","108","469","1721",2.9896727655372928,-10.121591124238975,-1.3857061028035889,7.244832040147672,7.252137952432182
"2023","Hicks, Aaron","543305","110","310","1354",2.5201165469585693,-6.049745430653644,-7.373749405930034,10.387414969153916,5.55619641438833
"2023","Senzel, Nick","669222","113","330","1189",3.5946304081526548,8.791668056518905,-16.82478291006694,5.940349416553928,5.687395845146751
"2023","Giménez, Andrés","665926","114","613","2346",-6.321120644027207,-2.072510825794106,-25.223226533351223,8.96233136701597,12.012285348102175
"2023","Montero, Elehuris","660707","115","305","1165",-2.494316792900268,7.515002827864648,-11.234907403060513,-1.8685447762238536,3.094132558519456
"2023","Andrus, Elvis","462101","145","405","1592",-12.720457942095525,-16.54903253257522,-10.456055181301672,6.873863991518152,7.410765780263231
"2023","Vaughn, Andrew","683734","145","615","2317",-2.952360842905783,-5.442748942134143,-14.639350921898254,8.100682516038702,9.029056505087881
"2023","Peña, Jeremy","665161","117","632","2299",-4.25843481389396,-3.739091263284496,-19.839933085746228,11.47406814318421,7.846521391952585
"2023","Olivares, Edward","658668","118","384","1420",2.368905231409883,3.959504856735742,-15.040194987493422,5.239448873007055,8.21014648916052
"2023","Garcia, Maikel","672580","118","515","1989",-8.484003981489247,-18.923006985571845,-12.583874945130306,14.061797239425323,8.961080709787586
"2023","Gurriel, Yuli","493329","146","326","1189",-13.28565236300234,-12.50923450571672,-11.844188064448197,6.0539900420229005,5.013780165139689
"2023","Noda, Ryan","676116","133","494","2091",10.161451593430684,-8.383712444705381,-16.932092959740075,23.845568490190907,11.631688507685261
"2023","Bae, Ji Hwan","678225","134","371","1506",-13.238246344246507,-12.70502259524964,-16.664918354942248,9.423928827121113,6.707765778824236
"2023","Rodríguez, Julio","677594","136","706","2511",22.557403233762606,21.41408615290027,-19.32820910903596,8.428042141416901,12.043484048481314
"2023","Paredes, Isaac","670623","139","571","2366",22.90803425524105,5.580832466302287,-15.112922323080884,17.33746741812911,15.10265669389042
"2023","Semien, Marcus","543760","140","752","2799",28.410044033131403,2.4412624744936275,-17.14165865586863,27.233247549994758,15.87719266451162
"2023","Guerrero Jr., Vladimir","665489","141","676","2441",15.04076514241934,5.447884482325476,-20.881626709892775,18.597166545871353,11.877340824115374
"2023","Meneses, Joey","608841","120","657","2543",0.0018091413873149442,6.212279861338224,-28.687621695503353,13.009281576320651,9.467869399231832
"2023","Carroll, Corbin","682998","109","644","2431",29.786115655386226,5.304900329924645,-2.0304095545843204,13.684152913756984,12.827471966288831
"2023","Albies, Ozzie","645277","144","658","2563",19.302393001121356,12.275590552558226,-20.307495803993,15.107363830347625,12.226934422208481
"2023","Riley, Austin","663586","144","710","2859",26.083398966791968,7.375966330637558,-8.608753621089011,15.31910902504052,11.997077232202818
"2023","Santander, Anthony","623993","110","654","2764",9.350430641279761,2.6934375237704242,-16.215585290471846,10.702441003811126,12.170137404170035
"2023","Stephenson, Tyler","663886","113","515","2050",-2.7454384992633134,0.3891256452221197,-27.118886989062617,15.36666422943648,8.617658615140716
"2023","Grandal, Yasmani","518735","145","404","1641",-9.439972092456424,-8.227467282518992,-18.860580275651248,10.194362383637248,7.453713082076533
"2023","Rojas, Miguel","500743","119","423","1455",-12.89722207967998,-14.456429189808429,-10.50176355873155,6.225773423445156,5.835197245414863
"2023","Betts, Mookie","605141","119","690","2712",60.56968238500427,5.835778708356641,10.461680390832313,30.395399176606606,13.876824109208808
"2023","Taylor, Chris","621035","119","380","1622",1.2689694273948406,-4.63346440073838,-12.444617392442948,11.36914002945926,6.977911191116877
"2023","Arraez, Luis","650333","146","607","2161",18.8606576397829,-8.98756409937073,4.221467389684611,15.805243220851956,7.821511128616971
"2023","Polanco, Jorge","593871","142","342","1400",4.203986561102747,-6.6467146418713785,-5.274917757474988,10.03897429925207,6.086644661197045
"2023","Castellanos, Nick","592206","143","670","2427",10.358407816005654,6.83343135879619,-6.645345118826735,4.161876115622546,6.008445460413655
"2023","Schwarber, Kyle","656941","143","714","3068",19.62334306881629,-1.3932366405912398,-27.832613567173393,30.770803765568015,18.078389511013043
"2023","Cooper, Garrett","643265","135","457","1818",-3.8847598006745265,2.675269704113728,-16.113477528794775,5.632414254489824,3.9210337695167383
"2023","Burleson, Alec","676475","138","347","1238",-6.335169218155133,-14.407509143577672,-3.810896628134408,7.8063713612269225,4.0768651923300485
"2023","Thomas, Lane","657041","120","682","2627",8.82091826781421,-2.530485569748297,-18.210947656362027,16.91929063250039,12.643060861424162
"2023","Marte, Ketel","606466","109","648","2483",26.575036438072797,2.0006986413912418,-7.228158847224871,23.46095307596602,8.341543567940295
"2023","Gurriel Jr., Lourdes","666971","109","591","2216",2.8277861456978055,-8.80647658579795,-6.033521975899374,10.720802582919353,6.946982124475763
"2023","Arcia, Orlando","606115","144","532","2132",6.246528397653784,-1.1093451031765809,-17.470270749885646,16.213049058236972,8.613095192479038
"2023","O'Hearn, Ryan","656811","110","366","1451",3.9587860663404384,-4.278839788195498,-4.415920048876257,6.493568820878189,6.159977082533985
"2023","Duran, Jarren","680776","111","360","1397",11.00133521205333,4.580270514858148,-5.461478867290294,4.617446070833582,7.265097493651867
"2023","Yoshida, Masataka","807799","111","580","2197",6.280037704430124,-13.226340808263659,-3.6378384218627993,14.736833603321186,8.407383331235417
"2023","McLain, Matt","680574","113","403","1672",17.98234192346556,2.2189012590667407,-2.343841455903336,11.189472940172525,6.91780918012964
"2023","Anderson, Tim","641313","145","524","1942",-32.21991570520156,-17.935939712802078,-22.264926787699913,2.253578316237162,5.727372479063229
"2023","Freeman, Freddie","518692","119","717","2753",62.05785223324444,18.20947943322559,2.3283412797309997,23.71278474701002,17.807246773277953
"2023","Segura, Jean","516416","146","324","1246",-22.630132410004094,-13.504358704883241,-20.28263431186813,5.777296458421574,5.379564148325673
"2023","Gallo, Joey","608336","142","331","1428",4.414411554500003,-2.8852129976746284,-9.099042541841266,8.056933823684357,8.341733270331519
"2023","Kiner-Falefa, Isiah","643396","147","361","1454",-8.459657917667297,-12.116149800493087,-11.017436696482122,10.313783245867949,4.3601453334399745
"2023","Volpe, Anthony","683011","147","601","2335",-15.369558615193748,-14.996679658648628,-24.71248654351148,13.001667766095553,11.33793982087083
"2023","Harper, Bryce","547180","143","538","2021",31.443286083287965,18.77397901229038,-14.375958242586108,14.734753805192335,12.31051150839134
"2023","Hayes, Ke'Bryan","663647","134","524","1929",4.7983630663719605,-2.1847341802482876,-5.907580553409118,6.796949692305431,6.093728107723936
"2023","Profar, Jurickson","595777","135","520","2104",-6.669846159888701,-13.432452722173936,-18.977405684406396,15.178224350872222,10.561787895819453
"2023","Kelenic, Jarred","672284","136","411","1664",2.542605370211462,5.098496155135148,-17.16104989319117,6.6406919922905585,7.964467115976935
"2023","Chapman, Matt","656305","141","580","2451",10.657875348378695,-3.1394737659855783,-18.36397730033728,20.477051253817045,11.684275160884537
"2023","McCarthy, Jake","664983","109","311","1125",-9.822427095988784,-6.692530301999477,-17.02515958806874,9.278656049513218,4.616606744566177
"2023","Friedl, TJ","670770","113","555","2194",16.16477135318514,1.8561777601579506,-13.731897997814258,19.595235661397197,8.445255929444249
"2023","Contreras, William","661388","158","609","2419",19.54470215396981,8.002254391526506,-19.803614047035676,18.575191559578364,12.770870249900536
"2023","Sosa, Edmundo","624641","143","300","1126",-4.516722636660253,-8.157864676286229,-1.5354441213342815,2.3965085395507733,2.780077621409528
"2023","Reynolds, Bryan","668804","134","638","2523",6.3950414512670015,1.6427753616050154,-27.608574895614208,17.948313040528284,14.41252794474793
"2023","Perdomo, Geraldo","672695","109","494","2064",-0.4586603613178009,-17.6594840253817,-16.96604741804585,24.158788552158853,10.008082529950908
"2023","Swanson, Dansby","621020","112","638","2558",-1.2350652361023338,-10.595924006856253,-23.614764239955413,22.36326620574492,10.612356804964461
"2023","Bregman, Alex","608324","117","723","2789",18.690251239418664,-9.44858985993185,-15.837942575174644,28.439771230257293,15.537012444267813
"2023","Witt Jr., Bobby","677951","118","692","2701",11.321411127828044,-6.91529170199501,-10.392047739593147,19.39764052746899,9.231110041947192
"2023","Hernández, Enrique","571771","119","506","1964",-15.098548809601114,-18.213686163425795,-16.266434234213676,10.397166477238471,8.984405110799935
"2023","Rosario, Amed","642708","119","545","1979",-9.271299286412528,-1.318269100847177,-20.060070814433498,5.675325012927022,6.431715615941135
"2023","Vogelbach, Daniel","596129","121","318","1400",2.508078589855821,-11.26812969863342,-6.053956733639953,13.360910545338795,6.469254476790391
"2023","Suwinski, Jack","669261","134","532","2281",11.401691327978524,-3.7947668291705163,-13.51257705477321,18.757925304658865,9.951109907263413
"2023","Cronenworth, Jake","630105","135","520","2060",-7.9054149360544645,-18.471184716379696,-11.378038746198305,12.687562579996943,9.25624594652664
"2023","Hernández, Teoscar","606192","136","676","2673",0.710011032650239,6.686402359281719,-23.053546650373224,6.802176620391055,10.27497870335071
"2023","Crawford, Brandon","543063","137","319","1227",-16.500757259831946,-11.095383665360387,-15.603795834079481,6.118980147718774,4.079442091889138
"2023","Siri, Jose","642350","139","363","1340",1.4374361478083644,3.08458086999214,-6.675691669838976,2.6008916444659045,2.427655303189298
"2023","Walls, Taylor","670764","139","349","1420",-9.617375081670467,-14.186748269297073,-17.19600772146005,17.37019536227263,4.395185546814056
"2023","Devers, Rafael","646240","111","645","2579",22.963814862534676,-0.10834222107199146,-12.372115757976678,20.13487445205865,15.309398389524599
"2023","Wong, Connor","657136","111","402","1541",-12.142286003694549,-1.6873815992284307,-21.391350636693574,5.677411611631845,5.259034620595608
"2023","Tauchman, Mike","643565","112","400","1711",6.830779623894074,-12.93911634299438,-7.961338715105597,19.296943804592335,8.434290877401711
"2023","Morel, Christopher","666624","112","427","1655",15.0195936159975,8.699511324061794,-7.7786568198172255,7.305464028426523,6.79327508332639
"2023","Robert Jr., Luis","673357","145","590","2199",30.841294260176515,32.169355743420375,-13.409951755037104,2.5027917695697575,9.579098502223447
"2023","Carpenter, Kerry","681481","116","452","1751",13.848792220748361,8.35240500678942,-11.65032678746291,8.075491812594398,9.071222188827434
"2023","Dubón, Mauricio","643289","117","492","1671",1.3771857777273713,3.5224693381698424,-18.898094671484042,9.812282884995541,6.940528226046057
"2023","Tucker, Kyle","663656","117","665","2570",37.79420052512434,8.63358113477403,-7.032935541083346,24.279205859438907,11.914349071994707
"2023","Vázquez, Christian","543877","142","354","1324",-17.003855244716917,-10.510725944384088,-14.19418757528054,3.3679149896678493,4.3331432852798475
"2023","Julien, Edouard","666397","142","408","1727",18.109595791216012,5.525105298656225,-17.570300775314877,19.46456226244891,10.690229005425756
"2023","Donovan, Brendan","680977","138","369","1431",5.415845677525646,-2.0221246274331817,-11.70104806041778,10.950574484451984,8.188443880924616
"2023","Lowe, Brandon","664040","139","436","1718",10.552887345299771,14.333757625224274,-20.915486801889674,8.921125220699462,8.213491301265726
"2023","Moustakas, Mike","519058","108","381","1494",-8.726309315910104,-12.461268995926819,-7.004306016915778,4.96105301186303,5.7782126850694615
"2023","Ozuna, Marcell","542303","144","591","2366",40.433107313163134,28.015403118122787,-11.630824495902784,10.735924192383763,13.312604498559349
"2023","Gomes, Yan","543228","112","418","1586",-1.4764808903716369,-0.29671081524423515,-16.98315521705924,9.104339817482712,6.699045324449133
"2023","Candelario, Jeimer","600869","112","575","2333",15.942936441297128,-2.818375110211922,-7.45432712163976,14.363472997574629,11.852165675574128
"2023","Happ, Ian","664023","112","689","2862",13.878538943679363,-9.75342226361698,-12.447598559401387,24.956761442602236,11.1227983240955
"2023","Jeffers, Ryan","680777","142","334","1327",13.99270153524481,13.057007144414492,-13.706650199752449,8.394362648078147,6.247981942504616
"2023","Baty, Brett","683146","121","389","1510",-11.095112192464958,-13.8995575259486,-8.79842825153413,6.162624788018851,5.440248796998915
"2023","Bleday, JJ","668709","133","303","1213",-3.099379691732371,-14.964450694260844,-5.4393346496700685,11.36203095918932,5.942374693009216
"2023","Allen, Nick","669397","133","329","1167",-22.498239055519324,-19.210800797938262,-12.439696554322971,5.60040080733004,3.5518574894118586
"2023","Caballero, José","676609","136","279","1140",-4.669173412722664,-11.950873008008193,-10.82259547182805,12.69945293442558,5.404842132688014
"2023","Goldschmidt, Paul","502671","138","681","2847",18.23061282547983,-11.425346091098215,-11.500309984334942,29.177432585715454,11.978836315197528
"2023","Taveras, Leody","665750","140","553","2106",-3.3852201545717877,-3.5452707371721415,-18.987566108204344,12.584989478049811,6.562627212754916
"2023","Belt, Brandon","474832","141","403","1801",18.449457658627814,8.165591211542226,-16.387686545305957,18.541765382874157,8.129787609517324
"2023","Ohtani, Shohei","660271","108","573","2303",60.83932807109011,21.66746710136948,9.121196076802674,17.14962359530438,12.901041297613567
"2023","d'Arnaud, Travis","518595","144","291","1115",-5.598738825593982,-0.6828103719192178,-12.612746706164598,4.779238925169185,2.9175793273206665
"2023","Tovar, Ezequiel","678662","115","615","2290",-14.645541453650612,7.98741715332234,-32.400825391243984,2.3241407712617175,7.443726013009348
"2023","Moncada, Yoán","660162","145","357","1390",-3.2556246293254483,-4.4912297713286495,-9.809103816090788,4.666266444808419,6.378442513285573
"2023","Báez, Javier","595879","116","544","1958",-24.09076766235095,-10.115957804237258,-20.03737470691996,-0.2810913738710669,6.343656222677274
"2023","Ibáñez, Andy","628451","116","382","1376",-2.3076317791342293,0.06798287455454965,-15.755801815254387,6.650113928012003,6.730073233553631
"2023","Alvarez, Yordan","670541","117","491","1908",41.61748987291935,0.7028754324101627,11.25216643230067,17.58243208190529,12.080015926303176
"2023","Buxton, Byron","621439","142","345","1367",0.07710141511599733,2.1022062022175767,-15.75368111741329,7.998815859986089,5.729760470325622
"2023","Díaz, Aledmys","649557","133","340","1179",-15.156241527742518,-11.963711058959674,-13.264010539746183,3.644749545002195,6.4267305259611485
"2023","Machado, Manny","592518","135","599","2284",5.876572215946337,-1.2922557414480864,-11.14162639564119,10.159986650245969,8.150467702789657
"2023","Rojas, Josh","668942","136","349","1350",-11.143975465702333,-12.275907418232817,-14.583900306401706,10.937876121928388,4.777956137003803
"2023","Bichette, Bo","666182","141","600","2225",14.935795313832152,-3.2567891242670517,4.090175823081361,8.82344453685883,5.278964078158972
"2023","Trout, Mike","545361","108","359","1546",11.645335755421408,-4.08798066949867,-6.422482576838367,15.071759822102724,7.084039179655727
"2023","Olson, Matt","621566","144","711","3092",59.4231077164955,14.929168593432271,-4.1865211200856525,32.747191032116405,15.933269211032615
"2023","Bellinger, Cody","641355","112","553","2158",30.066090141021387,12.968599944927355,-8.58039879636383,18.665981374983083,7.011907617474747
"2023","Fraley, Jake","641584","113","378","1420",7.440149251693653,1.0168597825002692,-9.656524397446242,8.176449456319155,7.903364410320479
"2023","Maton, Nick","665155","116","290","1241",-12.732235388614253,-16.707416995604493,-10.0589195071442,8.06516472933833,5.968936384796119
"2023","Meyers, Jake","676694","117","341","1325",-8.35333874504988,-9.612879295888874,-9.993061029438492,5.160672459484114,6.091929120793373
"2023","Waters, Drew","671221","118","336","1317",-12.105196058641367,-2.150656843975818,-19.811033318654818,4.753592633692816,5.102901470296473
"2023","Smith, Will","669257","119","552","2292",17.366432688450384,-13.53295220410155,-4.065861606787229,25.064313478522152,9.90093302081691
"2023","Sánchez, Jesús","660821","146","402","1658",7.409075883448257,6.162574889690414,-12.984623503582998,9.996862889740282,4.234261607600563
"2023","Alvarez, Francisco","682626","121","423","1622",1.6527496015847833,-0.17869358849615619,-18.53622749844144,12.325754963905734,8.041915724616656
"2023","Realmuto, J.T.","592663","143","537","2096",4.937233765186072,1.0245446991276908,-13.004519243613327,7.330947974489181,9.58626033518255
"2023","Turner, Trea","607208","143","689","2675",6.847330194098899,2.7098017533087626,-17.280225197022464,7.436247776005055,13.981505861807543
"2023","Tatis Jr., Fernando","665487","135","633","2335",9.706396035544756,1.002804272798767,-14.228338125152288,14.275099151482355,8.656830736415936
"2023","Contreras, Willson","575929","138","494","1950",16.249208413723924,5.028897045588812,-11.763239001895858,12.973104328830752,10.010446041200213
"2023","Raley, Luke","670042","139","406","1545",13.666179462326342,19.833981809824632,-23.064199160321433,6.224260193114324,10.67213661970887
"2023","Moniak, Mickey","666160","108","319","1149",0.4014313339093901,9.527021481047836,-8.190854899651418,-3.8099597983240394,2.875224550836998
"2023","Jones, Nolan","666134","115","419","1809",29.263339475660906,-2.7455920603339634,13.965252340959685,12.353580475778015,5.690098719257115
"2023","Altuve, Jose","514888","117","409","1557",25.4771359660864,11.633831071594866,-9.630387717583925,15.173496741821861,8.300195870253544
"2023","Diaz, Yainer","673237","117","377","1298",10.153796366898872,4.110027345336338,-0.8856459435966066,1.2109578455705896,5.718457119588561
"2023","Peralta, David","444482","119","421","1530",-8.202925665508593,-14.17313749167047,-5.588908684362488,5.526147464126102,6.032973046398274
"2023","Bell, Josh","605137","146","615","2428",0.3944275841076939,-6.808010049456698,-17.170619491951097,14.369365410134757,10.003691715380775
"2023","De La Cruz, Bryan","650559","146","626","2467",-3.608129900951109,-6.365274545956059,-23.47951639598034,15.140090637723839,11.096570403261465
"2023","Kepler, Max","596146","142","491","1924",8.599098728092642,4.815652028577089,-15.592966452084333,10.002213203388196,9.374199948211677
"2023","Castro, Willi","650489","142","407","1586",-1.6817159482965487,-12.393970902595118,-4.3867900008064495,8.085656694952585,7.013388260152424
"2023","Brown, Seth","664913","133","376","1442",-7.478520628135543,-2.141214401207496,-15.227319648635584,3.7557643648313506,6.134249056876193
"2023","Marsh, Brandon","669016","143","469","1984",14.439389105364228,-0.10167862611806144,-9.310518989726019,12.753238418889152,11.098348302319154
"2023","Jankowski, Travis","608671","140","287","1118",0.369038557173643,-9.54362295413891,-9.549036922171716,14.424321659298421,5.037376774185838
"2023","Call, Alex","669743","120","439","1832",-15.45176486889531,-21.42453389371322,-19.458100326272376,17.336500062071977,8.094369289018289
"2023","Abrams, CJ","682928","120","612","2212",-3.152191539353269,-1.4554078979717455,-24.101089948095094,12.576403595299166,9.827902711414438
"2023","Thomas, Alek","677950","109","401","1489",-10.644818960977226,-12.9336096044723,-4.671339368750829,2.384512235906961,4.575617776338966
"2023","Mountcastle, Ryan","663624","110","468","1743",-1.1819540112168634,-5.583593459087383,-8.002915413090653,4.161312669170581,8.24324219179063
"2023","McCormick, Chas","676801","117","457","1805",17.33860759759464,2.472945262528076,-4.668165278073669,9.93706365959806,9.596763953542117
"2023","Fortes, Nick","663743","146","323","1129",-16.098815240725635,-6.701748270142146,-21.30849508626148,6.875085661861919,5.03634245381605
"2023","Wiemer, Joey","686894","158","410","1585",-10.500260352962552,-6.827498184508306,-21.920841019926,12.441974343874879,5.806104507596893
"2023","Solano, Donovan","456781","142","449","1806",3.9169183186171956,3.631072471587923,-18.28023940196806,9.574618539310459,8.99146670968688
"2023","Langeliers, Shea","669127","133","488","1921",-12.043930367004497,-5.007004360302191,-21.844324203393352,8.142180330521915,6.66521786616912
"2023","Suárez, Eugenio","553993","136","693","2903",-5.829537592846011,-12.502317821052202,-29.596979205585424,21.18906387840173,15.08069555538993
"2023","Estrada, Thairo","642731","137","529","1923",-3.9620141093017205,2.243035588984745,-17.484112118873647,1.1425491315580711,10.136513289029102
"2023","Springer, George","543807","141","682","2528",-0.8156175468227409,-11.594729268225237,-22.978710805125317,22.544677254329233,11.213145272198568
"2023","Kiermaier, Kevin","595281","141","408","1508",-1.1462381828630508,1.0906475869446013,-16.943763106132295,8.603257709962683,6.103619626361942
"2023","Escobar, Eduardo","500871","108","306","1223",-14.912861681032997,-13.831522512351562,-8.384288596413564,3.049273037408167,4.253676390323984
"2023","Haase, Eric","606992","114","291","1118",-19.950104138969614,-10.196080288687863,-14.21926303905077,0.8702190212340675,3.595020167534943
"2023","Doyle, Brenton","686668","115","431","1591",-21.96146631859295,-7.195348502184825,-24.994463835367014,5.117946567044109,5.1103994519148115
"2023","Jiménez, Eloy","650391","145","487","1717",1.5843764444649209,9.409153116098167,-23.805220811682872,7.651238716385602,8.32920542366404
"2023","Vierling, Matt","663837","116","526","2120",-5.770701982365341,-15.394154829566869,-10.439208201050068,11.860038722937926,8.202622325313667
"2023","Massey, Michael","686681","118","460","1841",-13.142425770102768,-2.829848300466538,-22.575291424385213,7.32212271065863,4.9405912440903395
"2023","Monasterio, Andruw","655316","158","315","1345",-3.282754106487404,-10.250394937201152,-9.341753371820722,8.704113582977367,7.605280619557093
"2023","Alonso, Pete","624413","121","651","2567",15.471861343370946,12.528869881059439,-28.53646287631935,15.137629752342784,16.341824586288006
"2023","Joe, Connor","656582","134","471","1983",3.45019175790375,-12.402627775175764,-10.268869584890743,17.681540166221556,8.440148951748698
"2023","Crawford, J.P.","641487","136","637","2629",18.5091600243882,-7.363403484413521,-13.721950347138547,28.962469126747756,10.632044729192547
"2023","Flores, Wilmer","527038","137","453","1875",22.650280037304277,2.5775864014372996,-4.953765382664151,14.49054132501704,10.53591769351405
"2023","Davis, J.D.","605204","137","544","2092",-5.826539176563486,-7.542594397233905,-21.0506151249186,13.251998936534834,9.514671409054223
"2023","DeJong, Paul","657557","137","400","1424",-14.143911654625844,5.739648518450786,-29.89270002741588,3.94339077039164,6.065749083947625
"2023","García Jr., Luis","671277","120","481","1700",-9.845993078390704,-5.288023967644745,-24.579587952335043,14.241062811122708,5.780556030466397
"2023","Walker, Christian","572233","109","658","2671",13.226751105950548,12.004944054345035,-29.442835468238783,18.757993864184034,11.90664865566023
"2023","Harris II, Michael","671739","144","538","1954",4.263978494396018,-0.010151725997995159,-6.8703514365983045,5.128738707754344,6.015742949237993
"2023","Wisdom, Patrick","621550","112","302","1318",11.406972553358639,6.679666296395658,-9.469421818805074,8.76451436563165,5.432213710136416
"2023","Suzuki, Seiya","673548","112","580","2445",16.25749073300242,-4.807568104767442,-9.43804619335852,21.376744333156086,9.1263606979722
"2023","Yelich, Christian","592885","158","625","2559",18.10639480866437,-9.340669139131274,-7.82936907077011,22.058104615625005,13.218328402940685
"2023","Correa, Carlos","621043","142","576","2257",-7.765919116967046,-15.902597136835986,-10.972668549127642,8.477801505406994,10.631545063589597
"2023","Kirilloff, Alex","666135","142","316","1242",4.1935170502656,-5.747885156915854,1.4042349594928065,3.0244767780565107,5.512690469632137
"2023","France, Ty","664034","136","665","2425",-5.755013039263728,-8.452572474764208,-24.481194763495505,14.22799615337358,12.950758045622468
"2023","Nootbaar, Lars","663457","138","501","2074",9.283368076299496,-16.22565275428045,-2.5373172732018276,20.6356812497635,7.410656854018272
"2023","Lowe, Josh","666139","139","499","2036",14.138807802621319,9.583422682415867,-12.934332389994752,11.34959300194592,6.1401245082543054
"2023","Grossman, Robbie","543257","140","418","1716",2.318464836465557,-9.022921449283857,-16.07349406377837,18.903883291023227,8.510997058504618
"2023","Seager, Corey","608369","140","527","1846",41.43260261070301,28.673888903016152,-9.520814300881828,13.573881365330127,8.705646643238515
"2023","Duran, Ezequiel","677649","140","438","1657",3.2702045871685934,-2.1347295738235563,-4.580097182799922,4.557035283832001,5.427996059960093