"id","name","side","avg_bat_speed","swing_tilt","attack_angle","attack_direction","ideal_attack_angle_rate","avg_intercept_y_vs_plate","avg_intercept_y_vs_batter","avg_batter_y_position","avg_batter_x_position","competitive_swings"
665833,"Cruz, Oneil","L","78.789158068",33.44734249715192,9.166552815451741,-7.266952944506045,0.4779951100244499,7.521452963761439,35.35447354446194,27.833020580700502,26.72280552830564,818
691406,"Caminero, Junior","R","78.539181982",26.205742511798896,7.981592379243888,-5.282282266219752,0.5944954128440367,7.668618238206298,35.90535695513939,28.236738716933097,28.636862015076414,1090
691023,"Walker, Jordan","R","78.069257522",31.415359295854575,6.175581936973642,-5.324820442891609,0.47667638483965025,6.269504102845827,30.065739970239466,23.79623586739364,31.757730041018494,686
666176,"Adell, Jo","R","77.613888062",33.82998979987913,7.995368341816652,-5.874203568643217,0.49515503875968986,0.06296637958043075,26.14700720722481,26.08404082764438,28.094988596885635,1032
656941,"Schwarber, Kyle","L","77.337695513",30.3114091679621,14.57161466746901,-5.7797529544153265,0.6432953549517968,12.341837581117506,33.41729998490295,21.075462403785426,25.300409378293523,1141
701762,"Kurtz, Nick","L","77.211195171",39.101886940998845,14.257673306287916,1.750740100930558,0.4801641586867304,1.362170119534495,24.79528723102461,23.433117111490123,27.741507823706396,731
592450,"Judge, Aaron","R","76.992197803",38.42581868290557,14.079290363503159,-6.0452151352555905,0.5083743842364533,4.3164197104962465,30.554699746868625,26.23828003637238,33.096669377298696,1015
665489,"Guerrero Jr., Vladimir","R","76.664463484",27.40009079935083,1.2420512464952638,-4.421206515222179,0.30636461704422885,6.576061364508039,34.41593864641529,27.839877281907242,28.987232988700097,927
670242,"Wallner, Matt","L","76.567157042",28.221171638203618,12.508090105913539,-6.20616617368073,0.5656565656565655,10.569006066341611,37.33370608423181,26.76470001789019,31.355995478505463,693
677594,"Rodríguez, Julio","R","76.437334686",31.724891625326844,6.9076793935966645,-1.444045942252407,0.46369636963696365,11.956969934439577,32.28875414351428,20.331784209074705,29.705195771201883,1212
660670,"Acuña Jr., Ronald","R","76.414268656",38.712795830464316,11.874335218131353,6.162005269424573,0.5091937765205092,-1.070137545930922,30.199998845873598,31.270136391804524,25.48062667860563,707
695578,"Wood, James","L","76.045597784",39.68235698455726,11.101308587103796,1.9191682044087304,0.41885325558794934,1.708581555965977,32.67824399080478,30.969662434838792,30.13312259180937,1029
575929,"Contreras, Willson","R","75.993222084",32.78148699427174,9.431176301381202,-1.7685739332794086,0.47300215982721383,5.3276165247128215,27.943322231996657,22.615705707283844,30.31233876046457,926
680718,"Barger, Addison","L","75.928020187",28.80956382711221,9.06435633709346,-4.99559726672477,0.5099415204678363,-1.6682471849543927,31.52878073775633,33.19702792271071,25.471787423449566,855
663586,"Riley, Austin","R","75.887103088",32.17117294195419,10.839407652554554,-4.470596731918999,0.4562500000000001,6.746037709035647,35.584611620457665,28.838573911422007,28.165670801381694,800
660821,"Sánchez, Jesús","L","75.851158487",27.846344695775187,7.11463465542062,-1.7801513176787882,0.48184019370460046,8.70268111623612,35.02893739884837,26.32625628261225,28.420526509290873,826
660271,"Ohtani, Shohei","L","75.848867685",36.93526828384903,15.028219848175493,-2.008836709006548,0.5326370757180156,-1.3902365485919361,27.59519982903373,28.985436377625668,31.93179865801654,1149
673357,"Robert Jr., Luis","R","75.613043555",36.518064796470014,12.167208968773293,-5.173875267912886,0.5394190871369294,-0.8051525489196159,30.483674700649267,31.288827249568882,27.195697144361745,723
682985,"Greene, Riley","L","75.60623192",44.612404967412864,13.875298233031202,1.2343969771376593,0.4358565737051792,2.154543378560305,32.030763090959056,29.87621971239875,24.652797116024733,1255
683002,"Henderson, Gunnar","L","75.340720999",29.027434710468302,8.476002762860595,1.0064689756273886,0.5098963242224315,6.750812129244642,33.41835339001458,26.667541260769937,25.816405320983908,1061
686948,"Baldwin, Drake","L","75.302231992",31.688992227815916,9.35226524231865,3.1501254531215843,0.480719794344473,2.146328564490961,28.71950172133977,26.573173156848817,28.216126811229806,778
624413,"Alonso, Pete","R","75.256778967",33.82423462296144,10.120207279092037,1.061159950194543,0.5984112974404237,3.8655743497012414,28.26339091891313,24.397816569211894,27.142813707928422,1133
663728,"Raleigh, Cal","R","75.240044431",34.310897638604445,17.861667451817762,-8.218157306014842,0.45163806552262087,7.496257289295146,35.95156896024094,28.45531167094579,24.492270561040797,1282
682663,"Ramírez, Agustín","R","75.23016891",25.17712520498064,7.312355851393982,-2.9123820326867644,0.532275132275132,2.081142921495337,30.34310475296744,28.261961831472107,30.154808550845004,945
663624,"Mountcastle, Ryan","R","75.209663473",36.01840610769743,7.3601112297823805,-1.0798127497162147,0.4037626628075254,2.0098553353100685,27.594325650667415,25.584470315357347,31.116298606319315,691
672356,"Arias, Gabriel","R","75.07646303",29.076045230617357,9.72777288734021,1.2032604711156472,0.5367727771679472,5.266487707361551,34.410518262484615,29.14403055512306,35.60733784624775,911
621439,"Buxton, Byron","R","75.034829251",34.037258964913,14.115132053393259,-6.234144958528194,0.5792291220556745,4.675556076565206,28.240100954120702,23.56454487755549,27.764556111202403,934
669065,"Stowers, Kyle","L","75.003284631",33.87021867822276,11.61966648581656,0.3132823292644269,0.5233415233415233,1.8863901192779544,31.495004490475278,29.60861437119733,29.31055679158472,814
656305,"Chapman, Matt","R","74.95186142",25.350092588736736,5.599078882144629,-3.8344804708417706,0.5327669902912623,-0.9418090921027271,27.443528370981504,28.385337463084234,29.811188494701344,824
683146,"Baty, Brett","L","74.80152152",35.46719956518594,8.440326356430807,3.7345837158500217,0.4755927475592747,-3.3811228331677547,26.659332380126507,30.04045521329427,30.2643379546015,717
680776,"Duran, Jarren","L","74.780223881",26.551073181921836,5.566577667190739,0.18173493465112744,0.4449541284403669,3.1645917362873393,31.711843136756016,28.547251400468685,30.50011775356838,1090
657757,"Sheets, Gavin","L","74.776802238",27.541411412375318,8.395073987982878,-7.481557752534965,0.5393013100436679,4.8519309757655575,34.105038372981916,29.253107397216343,29.156159017608243,916
682998,"Carroll, Corbin","L","74.653640647",25.737202954732616,10.984249281900693,-3.3399297011853175,0.6839186691312386,5.977992253994856,36.640633145002695,30.66264089100783,29.91106558614072,1082
669394,"Burger, Jake","R","74.646523071",24.945845634169903,7.608357007266631,-4.090968617975652,0.5339506172839505,7.866651625132583,31.554862163683445,23.688210538550866,31.767621459423086,648
606466,"Marte, Ketel","R","74.616460948",32.02875953489806,10.146319081936303,-7.192869882541298,0.6149289099526066,6.668725414778757,36.765315514233954,30.09659009945519,22.866161516884638,844
701358,"Smith, Cam","R","74.498750667",38.09379114299079,7.510809831162322,-1.197033525187991,0.3932203389830509,4.032137283018134,29.3940832600823,25.361945977064163,30.346725112388306,885
682829,"De La Cruz, Elly","R","74.485111062",33.65165362233353,8.295005150584931,-0.26227728680767276,0.4949215143120961,8.00636840727607,36.96163010153467,28.955261694258592,29.9422807687203,1083
592518,"Machado, Manny","R","74.470258042",26.497642671071183,7.586844829369017,-0.32462469580290676,0.5459915611814347,6.141757747211257,30.810499034528746,24.668741287317474,31.086610302750362,1185
671056,"Herrera, Iván","R","74.395397681",32.00443775643805,8.70414444472582,-0.5050417455093686,0.47795163584637257,-0.36786737009797266,31.503344338412955,31.87121170851093,27.4553395502144,703
696100,"Goodman, Hunter","R","74.380206309",25.24405247732237,13.394187699348656,-7.250152350847631,0.6106280193236713,10.093033401052164,38.77161917374244,28.67858577269027,29.52527603927106,1035
677951,"Witt Jr., Bobby","R","74.337984048",28.59262699808465,5.104432294448915,-0.23448406823612894,0.47307001795332143,0.325859565310611,27.779466465184196,27.45360689987359,25.2305378906278,1114
671739,"Harris II, Michael","L","74.324738145",30.760585386239878,6.900836829239863,-0.979624149141688,0.5041938490214352,-0.21964857465853024,30.786742096625947,31.006390671284482,28.526958167712518,1073
547180,"Harper, Bryce","L","74.188666589",35.54412203606055,11.583559551097553,-2.2190958584268667,0.4608695652173915,9.637222793357726,33.19954531793922,23.5623225245815,29.458047214940297,1035
572233,"Walker, Christian","R","74.121950838",29.420557373286908,9.079080157886843,-4.633578086522533,0.5133967156439068,2.836130716074497,31.447010492055156,28.610879775980663,26.29557561651077,1157
677800,"Abreu, Wilyer","L","74.113350443",31.193213060283295,9.476993186120563,-1.249664652785734,0.5758389261744967,1.5407770634582736,31.366335815985423,29.82555875252714,26.570340799222215,745
691176,"Domínguez, Jasson","R","74.059258804",31.3538563645593,6.4739984131281725,-3.5679431563115083,0.46423927178153446,2.1491648276706736,30.128580638275977,27.979415810605325,23.9987742010782,769
545361,"Trout, Mike","R","74.049968238",36.37295355759373,7.58848055913793,0.15922148273217157,0.4480746791131856,-5.67197849416535,24.26959821187488,29.941576706040234,25.300012347567037,857
641857,"McMahon, Ryan","L","74.025842228",38.842659579401705,13.10885170618181,0.856094928892415,0.47452547452547467,2.7593742735124356,26.763090825845097,24.003716552332655,32.03037079180329,1001
671218,"Ramos, Heliot","R","74.003327959",31.508326741046506,5.956255253550774,1.5430436513963146,0.47237076648841353,2.639442901528981,27.579312711462656,24.939869809933676,27.63509213583179,1122
691016,"Soderstrom, Tyler","L","73.960501168",30.547878475813327,9.579429538717546,1.1952690832096877,0.5026068821689261,-0.77213614423596,28.01568352702699,28.787819671262962,31.464796277335694,959
665487,"Tatis Jr., Fernando","R","73.960078147",29.750126556602716,8.279362027327346,0.7742216170347129,0.5637065637065639,3.606792719561458,29.869383234220788,26.262590514659337,28.961488959795044,1036
624424,"Conforto, Michael","L","73.955932287",31.995088301986684,10.179084891246285,1.1138299686491688,0.4778443113772455,0.601605476246292,27.745126388650196,27.1435209124039,28.267225391908955,835
621566,"Olson, Matt","L","73.94386164",33.8770673109188,8.72919174401843,1.13825657402151,0.48248407643312086,1.3481366169518954,32.50671443641315,31.15857781946127,30.529094911438694,1256
665862,"Chisholm Jr., Jazz","L","73.927217537",32.90719728416402,15.794919897026455,-6.03301993892248,0.5675368898978433,1.4030911094890781,31.638608597203067,30.235517487713988,25.825647370959153,881
694192,"Chourio, Jackson","R","73.879173498",26.43930597307096,7.119695094407522,1.4378496835831938,0.5766129032258065,3.2071228560614378,27.9517754323552,24.744652576293763,30.41543492658213,992
664040,"Lowe, Brandon","L","73.851873033",33.48927052095022,14.81665333633321,-2.5735971009523815,0.4872037914691944,7.051700737967023,34.09797134482241,27.046270606855394,26.609439933688257,1055
669127,"Langeliers, Shea","R","73.821159348",30.307823274800143,11.448362567795332,-3.116345934855129,0.6141732283464566,6.498927366372352,33.66532601069829,27.166398644325934,29.6705098691198,889
621043,"Correa, Carlos","R","73.809263398",33.071411028721755,7.671074760901912,-1.5385780997948095,0.4174757281553397,2.696593190518365,28.45567791912314,25.759084728604766,28.79055732913448,927
666160,"Moniak, Mickey","L","73.765342013",33.63141645924229,11.57655451988196,-4.333286210898444,0.46875000000000017,3.3594531108187575,29.131593435493684,25.772140324674922,30.78387959378882,800
671732,"Butler, Lawrence","L","73.750080653",30.46208278721931,6.818226027093213,1.730905040228833,0.4399615754082615,2.9151586935119123,28.81082566392812,25.895666970416197,31.23007396685749,1041
543807,"Springer, George","R","73.743484772",35.13643844524307,13.167596802790221,-0.37957764631000057,0.5813449023861174,-4.6542007120156805,22.324155801140485,26.978356513156168,27.1770389697719,922
668904,"Lewis, Royce","R","73.617539693",28.907880102616776,10.822743203076724,-7.70378558080187,0.6832116788321166,4.002051817654967,28.576428053689874,24.5743762360349,26.49445606042574,685
665742,"Soto, Juan","L","73.594467372",28.1211710728813,10.942524529906995,3.8272391219837845,0.6586695747001092,-1.6328762851707144,23.222419577743857,24.855295862914563,30.251495597478936,917
650490,"Díaz, Yandy","R","73.570977436",24.39931512212132,2.9275831401630716,7.047136773253282,0.3534218590398366,0.5614902839347019,29.901526174511734,29.340035890577024,28.665182920901312,979
667670,"Rooker, Brent","R","73.547462265",36.27901006847258,12.270071839563213,-6.134705076793446,0.45115452930728234,1.434235146012804,32.8161645033054,31.38192935729258,27.218194818780162,1126
664056,"Bader, Harrison","R","73.527069449",25.412035274821474,12.01883367728962,-5.380915695845637,0.5005988023952097,6.406666493231941,33.55214582930453,27.145479336072615,27.17619643462175,835
595879,"Báez, Javier","R","73.51512607",30.27410520385482,9.996602699461722,-5.612846546067036,0.5054200542005421,10.185186300631594,29.78321962480753,19.598033324175947,28.714867981396303,738
663457,"Nootbaar, Lars","L","73.436411289",27.957504253656325,9.206797627343674,-3.1246011039469836,0.553903345724907,5.624267362974916,34.745416162072175,29.121148799097266,27.861521840116744,807
669224,"Wells, Austin","L","73.426844994",31.82322298853912,10.478079942341457,-5.652173393290207,0.4993804213135068,-0.23960988579842332,30.53303197740158,30.77264186320001,23.64489613756552,807
676572,"Wagaman, Eric","R","73.418307545",27.90304930646215,6.875492995989854,-2.7168457409698994,0.49357326478149094,7.225099787299426,32.330228141075196,25.105128353775772,28.137473821037883,778
700250,"Rice, Ben","L","73.40694141",33.22592890095617,10.63320939403691,-5.956327310806948,0.567948717948718,-2.376121700552785,28.471871276297822,30.847992976850605,28.50480558702399,780
502054,"Pham, Tommy","R","73.400016863",27.397414042067865,8.209091817564609,-0.9080766471007824,0.5186335403726708,1.240696691386669,32.6708728169333,31.430176125546627,28.458180314978744,644
592885,"Yelich, Christian","L","73.379729421",36.26550730343851,9.74193322001534,6.944186856930144,0.4444444444444445,-1.002850680474245,26.75242840659078,27.75527908706502,29.911927934833965,1053
673548,"Suzuki, Seiya","R","73.36558583",31.091445777652737,8.067099104060558,-3.0838096491680513,0.5040485829959516,6.475361937147668,34.492023349475424,28.01666141232775,27.829712006110615,988
661388,"Contreras, William","R","73.253165109",29.23353779596751,10.62921819275557,3.3140149664147107,0.6574690770694576,1.6882875797653722,30.226625113159468,28.538337533394095,27.95962328282221,1051
687597,"Beck, Jordan","R","73.199990499",32.73800851425895,10.711980595511577,-3.311356677695211,0.5180467091295118,9.977144146509634,27.628600305776033,17.651456159266395,29.473279531515132,942
694671,"Langford, Wyatt","R","73.144246678",33.72230573986182,16.7574242308255,-3.1093856243482394,0.4855555555555555,3.1711557110748356,32.01583089822511,28.844675187150276,27.372052875228942,900
605137,"Bell, Josh","R","73.081846254",33.65046242005129,10.05386119743655,-2.9237134688732827,0.5804274465691788,-1.9436957915090936,27.568809291901957,29.51250508341105,28.388340334381528,889
679529,"Torkelson, Spencer","R","73.047568006",38.0050490814219,13.536550047003875,-8.030219878381242,0.5000000000000002,-2.261009823544775,30.683048219551882,32.94405804309666,27.978227338408725,1048
606192,"Hernández, Teoscar","R","72.943081924",31.909197798681348,10.359163223483641,-0.11251473488544061,0.5443974630021143,-0.26794313794854385,30.465091104296082,30.73303424224463,29.88769333009945,946
521692,"Perez, Salvador","R","72.936409731",34.185431794332914,12.45125356374873,-5.391532078949702,0.5621198957428323,0.8576763254089228,30.42804124320126,29.570364917792347,27.295105745142404,1151
542303,"Ozuna, Marcell","R","72.883619272",36.84753413422211,13.94354351953983,-0.9147061921620883,0.5298013245033114,-2.010659776376823,32.404400926434256,34.415060702811076,26.10164153006126,906
691718,"Crow-Armstrong, Pete","L","72.729197559",34.882219488752604,14.54454986208502,-3.49259988972591,0.5004081632653059,5.946499684635894,36.191568705390615,30.245069020754716,26.61796299584024,1225
666134,"Jones, Nolan","L","72.724750536",35.437667495271256,8.903647760299238,-0.14489068417263823,0.45217391304347815,5.623275902667618,32.70723828729759,27.08396238462998,27.327724313531185,690
669911,"Toglia, Michael","R","72.724575419",35.829938645358254,14.758909923470863,-2.522180378534952,0.4427350427350428,2.6205172810250366,28.310715363503903,25.690198082478872,30.37734185197508,585
669357,"Gorman, Nolan","L","72.705924687",34.06137427211603,14.791425714160473,-1.8469123029877554,0.5050946142649199,1.936335104209103,33.08932335645773,31.152988252248623,30.398013541496553,687
686555,"Collins, Isaac","R","72.67321325",28.82561489830664,4.045386941384561,-2.180495793467349,0.37188872620790625,2.0651140445896656,32.15985442533289,30.09474038074323,30.026897802081074,683
663993,"Lowe, Nathaniel","L","72.667132184",30.09981576923024,6.6486103893316955,7.892208671516764,0.47246376811594193,1.1143499382226851,27.401495922935368,26.287145984712684,29.97673581951681,1035
502671,"Goldschmidt, Paul","R","72.629168189",31.900154465956724,9.698807218936869,2.3965948625268774,0.5144444444444445,-4.873716212984213,21.019064937232482,25.892781150216692,34.04792800200249,900
683011,"Volpe, Anthony","R","72.59852911",31.53768822707837,10.975813855031468,5.622911047158775,0.6489252814738997,-3.6537333683785844,25.014352770116183,28.66808613849477,29.201607080443296,977
686780,"Pagés, Pedro","R","72.593405746",30.441452631825612,7.05601469859082,-2.9694947826135296,0.4108187134502924,8.87569292190508,36.019829279243844,27.144136357338766,28.85287375766288,684
672820,"Sosa, Lenyn","R","72.574127146",32.58921492143135,10.475339452754826,0.48331030617340465,0.5536480686695281,2.3632638598468803,32.72060630070411,30.35734244085724,27.518419707784105,932
681624,"Pages, Andy","R","72.5706936",40.56688522223207,7.81276296332182,-3.996083076355925,0.4829443447037701,-0.2902509530162372,31.28168444897555,31.571935401991794,29.810323830787198,1114
608369,"Seager, Corey","L","72.552322271",34.23478552643999,12.847715208313947,3.507331379893734,0.5471956224350203,5.500544964019768,31.98974199834862,26.489197034328853,29.054211210834882,731
672386,"Kirk, Alejandro","R","72.537012725",23.949646266512048,7.883119706900801,4.502895894682027,0.5580568720379148,8.420585143408625,30.06275246791646,21.642167324507835,31.544532501466303,844
686469,"Pasquantino, Vinnie","L","72.528404575",29.370172302736872,9.75187467017719,-9.204386144858335,0.5562671546203108,3.4732025275483367,32.087116425423204,28.61391389787487,31.151488687736297,1093
666139,"Lowe, Josh","L","72.43918344",35.86332566255311,7.145928862409539,-0.38961963529612176,0.4559999999999999,4.690908303548937,29.198790649905437,24.50788234635652,30.874262502979118,875
671277,"García Jr., Luis","L","72.4022391",28.560807315543013,10.723775950414291,-2.561694330698666,0.6241457858769932,5.230440300792152,33.38823141038213,28.157791109589972,28.67895964286459,878
682928,"Abrams, CJ","L","72.400841365",27.251026606962046,10.861888727130045,-3.7927528293081414,0.5895450145208135,3.860022162229317,31.69524479784663,27.835222635617303,30.033252993451484,1033
687401,"Ortiz, Joey","R","72.400831436",27.846522372674926,1.710728460020516,-1.7596982364496927,0.3333333333333332,-2.855429483072302,29.091779019467936,31.947208502540242,28.20836336117284,759
666310,"Naylor, Bo","L","72.371691887",31.945831676883913,13.643282686851016,-8.303494911044256,0.5304964539007092,8.002514067474525,35.204815682192375,27.20230161471785,31.185444364403622,705
676475,"Burleson, Alec","L","72.364166718",31.787768076979756,10.041575659707522,0.3424917656662999,0.5751789976133651,-2.4001236464126565,31.582742882202208,33.98286652861485,23.41377616197696,838
668227,"Arozarena, Randy","R","72.326694033",25.290505398915688,8.65848478032491,0.44153490012592955,0.6205316223648029,8.65726844545892,31.235933304539,22.578664859080067,24.212685421247347,1091
665161,"Peña, Jeremy","R","72.317324538",30.416660982336865,10.891101944066781,-8.173094044177478,0.6276202219482119,1.8453379600671924,32.02896889808501,30.18363093801783,26.227580122946588,811
665966,"Narváez, Carlos","R","72.283279987",30.01996933607897,9.159772063622524,2.44984590721944,0.5414572864321611,5.604298609743141,30.643198737832407,25.03890012808926,29.202856399370305,796
553993,"Suárez, Eugenio","R","72.269102113",38.71774087312044,18.49389957470582,-5.50917885805535,0.4443478260869565,17.357411629245505,35.6554470814194,18.298035452173906,23.07972821551156,1150
607043,"Nimmo, Brandon","L","72.253574015",29.062364627066394,6.649521943736713,2.1090590003779304,0.47879359095193214,-1.3790762207977232,26.88338890261063,28.262465123408354,31.486811660877173,1061
668804,"Reynolds, Bryan","R","72.221864657",37.89122706947422,13.048553686107878,1.0742728919850777,0.4700260642919202,0.6486530650561368,28.28742362864304,27.638770563586895,27.249403880157697,1151
593428,"Bogaerts, Xander","R","72.216795992",30.990222187296535,10.18582356305421,-6.931029323311773,0.5249662618083673,15.051156401365455,34.75441617951199,19.70325977814654,29.095198074716812,741
673237,"Diaz, Yainer","R","72.192034883",28.282631134906982,10.410289968694519,0.9675550143316366,0.59244126659857,3.3356394866286836,32.41069209635247,29.075052609723794,28.29610692459826,979
657656,"Laureano, Ramón","R","72.186227283",35.14446609959709,15.565524170514514,1.018006651204701,0.4734299516908212,2.3724251342452063,32.77807041710958,30.40564528286437,31.591877086188898,828
663616,"Larnach, Trevor","L","72.186017407",34.082723132493015,8.346315877518,-10.60461008318622,0.4104651162790699,5.670737701241398,34.26946780420756,28.598730102966176,27.235415093585523,860
665019,"Clemens, Kody","L","72.17843102",26.997879869790264,12.332747812907423,-2.9815411200415536,0.6590563165905632,1.4731096908931776,33.453852938918686,31.980743248025504,27.58835157775972,657
666969,"García, Adolis","R","72.128697236",28.022854854522524,8.774846234651609,-0.461006831087969,0.624750499001996,2.2631693882749593,31.31271086019643,29.049541471921454,25.173342886382752,1002
663656,"Tucker, Kyle","L","72.055486469",33.89155286803555,11.656864355200076,-8.074898381916174,0.4946004319654428,0.5125747172141497,28.36677162388007,27.854196906665916,30.199772014068444,926
642715,"Adames, Willy","R","72.054164271",35.29393188695285,18.44934072246778,-3.908572236054662,0.5026041666666666,2.4467897621099906,31.552911222543656,29.106121460433663,28.939620354429508,1152
592663,"Realmuto, J.T.","R","72.035947332",34.22662488989358,12.426553748604327,1.017708161880327,0.5282817502668088,-2.9092048187383286,28.55238752714939,31.46159234588771,27.453339417890298,937
663697,"India, Jonathan","R","71.98980012",28.21016890423768,9.07974626195605,-4.620666232475386,0.6132530120481929,1.9653861489471787,30.67513293240828,28.7097467834611,27.946457101299867,830
701538,"Merrill, Jackson","L","71.972846183",37.46784152926949,9.754520809703651,1.1352937608679918,0.4777517564402811,2.8157479734997226,27.428385526392425,24.612637552892707,28.72299516370201,854
681351,"O'Hoppe, Logan","R","71.969371147",32.91201493579066,15.70636861452451,-3.660447637379087,0.5224438902743143,6.059931446725112,33.60420181011562,27.544270363390485,28.648180297720238,802
672580,"Garcia, Maikel","R","71.908026723",27.121910661421538,4.528976178920172,0.521048689036894,0.44107744107744107,3.4183153595714684,33.92491645882867,30.506601099257182,25.94192850210225,891
669720,"Hays, Austin","R","71.906863226",30.790356473928675,14.221639170788789,-5.619907151051405,0.6592178770949723,23.234436989219137,35.78125060761444,12.546813618395303,28.6007552367805,716
681481,"Carpenter, Kerry","L","71.899245657",34.84246019332997,17.048068970739028,-0.4202044088280504,0.4878345498783456,-6.658683298361615,25.74015737056792,32.39884066892953,29.107885261411706,822
656811,"O'Hearn, Ryan","L","71.773209505",33.442220458929754,11.216178719611026,1.6883515406098624,0.4334433443344334,0.2694821608279682,26.321187948020558,26.05170578719259,29.257733465881547,909
664761,"Bohm, Alec","R","71.710521857",29.740566470748533,5.4046226947517155,4.471256321985283,0.4701298701298701,0.9055346884932332,26.611970824847297,25.706436136354068,29.673440537388284,770
672640,"Lopez, Otto","R","71.697503158",29.933631678901918,7.398473100012282,-2.308307724291441,0.4851258581235696,1.1738937231288018,30.4791758777491,29.305282154620294,28.51782077507989,874
693307,"Dingler, Dillon","R","71.690906274",39.77526113032634,10.787561039462533,-0.32629652036009593,0.4941785252263908,2.1556306298857204,27.778055840875925,25.6224252109902,28.352036616870613,773
664023,"Happ, Ian","R","71.668839664",32.731270761285884,10.28777067357578,-5.531630682546901,0.46449136276391556,2.8007389254113644,33.99404178276679,31.193302857355413,26.70080564577941,1042
678662,"Tovar, Ezequiel","R","71.626449315",36.09662077013837,10.942715075159505,0.6098524298405428,0.5219638242894057,0.7861842619866277,29.120274341551287,28.334090079564643,23.868547516584584,774
650489,"Castro, Willi","R","71.612669441",37.27368886064214,7.682911686705198,-3.5256962017594704,0.43726708074534165,-1.785725918066953,30.1074833933643,31.893209311431253,24.186100114219084,805
646240,"Devers, Rafael","L","71.576284145",29.892344327906677,9.961941565488761,4.520520581855601,0.5948477751756439,6.071219471437911,28.546084468256335,22.47486499681841,25.92262103714763,1281
672275,"Bailey, Patrick","R","71.564001499",32.940395082943944,8.540075020011317,-3.539099021037817,0.4551539491298527,2.840477304085322,30.36043433130138,27.519957027216066,28.71137408043455,747
571448,"Arenado, Nolan","R","71.430622896",33.19934766131737,10.542749551890942,-9.010603505093345,0.5648414985590777,2.9530022119211927,34.921062476161325,31.968060264240144,29.309318341588398,694
687263,"Neto, Zach","R","71.408776519",39.04102480969732,18.059545650756682,-5.656547601056968,0.4821621621621622,17.910121036113118,36.30643605186695,18.396315015753824,21.574114493487066,925
669016,"Marsh, Brandon","L","71.378969261",38.48389368566811,9.394564128559896,-0.33780516124385174,0.4101449275362319,-0.3628407476787767,27.468486698817937,27.831327446496708,29.37810352586,690
671289,"Freeman, Tyler","R","71.319275474",35.57226156116773,2.8947339321818286,0.5299313257263614,0.32659409020217745,-0.9105605096764762,29.57179063179819,30.48235114147467,28.389263928512083,643
596146,"Kepler, Max","L","71.317340357",31.786436024618833,7.806033694682201,-7.029371365978482,0.44515306122448983,0.13309406337876234,32.54023574132138,32.40714167794262,30.114485136353768,784
467793,"Santana, Carlos","R","71.281599818",26.703802174414772,12.829916802334237,-5.603004162733333,0.6454545454545453,6.749869051071721,34.06614855547475,27.31627950440304,26.953710016637178,770
668901,"Vientos, Mark","R","71.24039673",31.871403097668445,14.570702695562808,1.1945231270001104,0.6199494949494949,1.514992101093398,28.131667919504224,26.61667581841083,28.766284419607548,792
607208,"Turner, Trea","R","71.19041031",27.87761839355203,8.09463842632257,-2.9182798378591945,0.6005639097744361,0.4534907896966822,29.33504441830069,28.881553628604014,28.79119836856063,1064
677950,"Thomas, Alek","L","71.188748702",27.620324640547963,9.964327438229706,0.22654089909789582,0.6015727391874183,12.950450903772772,33.45988737384208,20.509436470069296,26.981606873373924,763
663647,"Hayes, Ke'Bryan","R","71.186608188",26.46168155971393,4.296830154048859,1.4742354596759022,0.4335748792270531,1.572191753569387,34.52246094295532,32.95026918938593,25.850927394011325,828
571970,"Muncy, Max","L","71.174131852",34.68513819359478,17.90252468699757,-4.776092554379592,0.48989898989899,10.696641397577276,37.663884710393745,26.96724331281648,28.25862549318681,594
593871,"Polanco, Jorge","R","71.173813463",30.481697203856005,9.457860586745232,-10.557712387593382,0.56625,6.649694117821866,32.190462332283474,25.540768214461593,27.869450750628378,800
573262,"Yastrzemski, Mike","L","71.157065701",30.464673749793832,11.008649810751345,-2.876370179214913,0.6666666666666664,1.333447312976011,30.40339649743546,29.06994918445944,24.690751240542312,849
457705,"McCutchen, Andrew","R","71.122639966",34.46845414311587,14.52295788823704,-0.7537356457120858,0.5316742081447963,-4.925750950446989,24.88198600111038,29.807736951557384,28.978188703707747,884
656775,"Mullins, Cedric","L","71.117985693",29.181988241623483,11.305631400870746,-6.032817661460892,0.6270207852193995,-3.116323986121445,28.64935154324035,31.765675529361804,24.14733813014906,866
691026,"Winn, Masyn","R","71.101336577",29.102425464346638,5.548808915654226,-3.860938333094908,0.43658810325476993,0.4383700072707898,34.013858140643656,33.575488133372865,23.06399959442486,891
596115,"Story, Trevor","R","71.088040828",29.41533898047809,10.54071341322765,-4.526314112332286,0.46160409556314,9.659274010969254,35.360044155488985,25.700770144519726,29.91258310146558,1172
641487,"Crawford, J.P.","L","71.050039062",36.038081385844244,4.7103134790190815,1.6569155453220672,0.3677298311444652,1.6859095435081806,36.60849635659762,34.922586813089424,27.636427542271218,1066
663757,"Grisham, Trent","L","71.027885112",30.889788029683704,16.649153175431888,1.8012200867984385,0.5785536159600998,-9.220234882207729,24.087449322907094,33.30768420511482,31.006463421303607,802
678882,"Rafaela, Ceddanne","R","71.017957464",32.62884593330978,11.569677342764411,-1.4935745166641405,0.5715579710144927,3.0291038515527005,33.519671772252174,30.490567920699476,26.782601397792256,1104
664034,"France, Ty","R","71.010602655",34.79876410015506,10.66843827141434,5.234239908952327,0.472514619883041,-0.8333114542189562,27.521521677091773,28.35483313131073,26.483268358019725,855
608324,"Bregman, Alex","R","71.001324846",28.089880463683475,13.517700258830356,-5.093916980447764,0.6582633053221287,3.144640782310162,31.805366229482154,28.660725447171988,24.77729023890483,714
596019,"Lindor, Francisco","R","70.957487339",33.8356385388395,11.111948204624504,-1.573918459479249,0.5110169491525424,2.244116478274239,29.320619703574103,27.076503225299867,26.006470452698046,1180
647304,"Naylor, Josh","L","70.951185801",31.357056871339097,7.50716748079383,-8.3120405963551,0.44047619047619047,-0.09791360339656964,25.30494898761085,25.402862591007413,26.583220793236265,924
608070,"Ramírez, José","R","70.947914345",29.808919545544104,8.865304032389421,-9.413254329328788,0.6070110701107013,2.3617015599338487,32.581571339558046,30.21986977962419,22.688361971464502,1084
630105,"Cronenworth, Jake","L","70.938401161",31.147489161295624,7.4441966445440055,-0.6878548469229244,0.3645443196004995,-2.8000045664885693,30.6077753069776,33.40777987346617,28.30356430245892,801
682177,"Schneemann, Daniel","L","70.924933455",34.896170620650174,14.00822938051338,3.1454755379423496,0.503030303030303,4.7849866872548334,33.8060458560763,29.021059168821456,26.09471194420129,660
621020,"Swanson, Dansby","R","70.896480433",34.572587290378664,15.62816034591321,-1.514251515940534,0.5932802829354555,1.9263820124189373,32.38847770396353,30.462095691544594,27.56048988668832,1131
668715,"Steer, Spencer","R","70.872283211",28.33743651793729,12.41755110669472,-4.098947451650659,0.5802845528455284,3.686685300117861,32.72744485827099,29.040759558153145,25.62603129535547,984
686668,"Doyle, Brenton","R","70.753457343",30.288028537174362,11.521473510303657,0.5912692825779045,0.6461716937354989,1.958652859987022,26.037605271802736,24.07895241181572,29.091769660238253,862
690993,"Keith, Colt","L","70.746111175",32.898129627715825,11.779199166009978,-2.5349351874570716,0.48770491803278715,8.701621873599091,31.49371198187191,22.79209010827282,28.708330077458992,732
643446,"McNeil, Jeff","L","70.745086822",33.06026040134935,8.649865725819652,-4.931221732014871,0.47288776796973525,-0.9155952396050532,29.94345217039866,30.859047410003722,24.84048269999171,793
683734,"Vaughn, Andrew","R","70.666420463",29.411576380589747,7.80896415116508,-1.8297749158444265,0.48387096774193544,-2.1269563395126525,29.514213625522636,31.641169965035292,29.096483179512948,713
668930,"Turang, Brice","L","70.652912252",31.175421106860234,6.950384835496963,8.213697655788982,0.4514018691588786,1.2655987208038129,31.861962853795475,30.596364132991667,26.81283078830424,1070
678246,"Vargas, Miguel","R","70.631688011",35.43110074207818,11.903977693765647,-2.9866042013775758,0.6457446808510638,4.7247536884557855,35.31319811280429,30.58844442434847,28.06749565409232,940
702616,"Holliday, Jackson","L","70.618351546",31.890876965595176,8.285817424436427,5.560444807891578,0.5281124497991969,0.31498075725002983,26.176596359448798,25.861615602198786,27.5641996629471,996
700932,"Manzardo, Kyle","L","70.594998772",37.01946565201852,17.3337125494542,-0.6147122345429619,0.5216374269005848,10.91046325311284,33.631589843798125,22.72112659068529,31.3998893382668,855
666971,"Gurriel Jr., Lourdes","R","70.593145666",36.88271990210819,10.500060962816612,-6.021500914053139,0.5048754062838571,2.3379806031351893,31.10328687451302,28.765306271377824,26.060599865373945,923
672761,"Pérez, Wenceel","R","70.54541386",29.726228892575154,7.981501277625401,-4.040022304678345,0.5186289120715349,2.9689641161865734,28.276147178045317,25.30718306185874,24.19560973153921,671
592206,"Castellanos, Nick","R","70.532084618",39.95913982533076,15.056668938529109,-4.521497231936246,0.47246891651865003,0.9591323634228187,30.77864399553351,29.819511632110682,29.033869820248647,1126
693304,"Gonzales, Nick","R","70.517897698",33.15389216558674,8.919790669326632,-0.07634725340734724,0.5352517985611512,-1.9105341936177989,29.958125520403584,31.868659714021387,26.946870517912807,695
666018,"Aranda, Jonathan","L","70.474476274",35.56934963328383,10.21020419583544,3.6414187498572805,0.5616438356164383,0.09035448489249201,27.32246716738183,27.23211268248933,29.273606686229684,730
608348,"Kelly, Carson","R","70.432022402",33.1103867598069,11.65723429959561,-3.9707656692662594,0.5285285285285285,1.0182266938551094,30.941426300620755,29.923199606765635,29.576360668080948,666
673962,"Jung, Josh","R","70.283741103",37.6547496092993,11.455900750749201,2.594268488468796,0.5275862068965518,9.578495505073215,32.14941756286784,22.57092205779461,25.01283917565141,870
682657,"Martínez, Angel","R","70.190628509",33.781666944798054,12.405421399054722,-6.972953797706501,0.5599022004889979,6.796663426085671,37.44355005089915,30.64688662481347,24.445842179711672,818
650402,"Torres, Gleyber","R","70.189734515",34.100908547364284,9.282865450095455,4.207973598496762,0.5643459915611814,-2.19449075873294,30.340365590244478,32.53485634897742,26.395178918891858,948
669242,"Edman, Tommy","R","70.183830106",26.59135593696037,9.881294220550771,-1.4176183997611758,0.5971731448763251,1.2236000702763645,29.688020613033856,28.464420542757487,27.291290599984112,566
641355,"Bellinger, Cody","L","70.110897618",32.36055080692064,12.862294958209675,-3.1345472608711162,0.5932203389830509,-2.6342303190454377,30.082918984612842,32.717149303658296,21.032123046000066,1121
677587,"Rocchio, Brayan","R","69.997537065",28.958622778143305,10.95494923481215,-5.875116869281142,0.5080645161290324,8.39041759747891,34.257051494882816,25.866633897403904,23.864963582121142,620
670770,"Friedl, TJ","L","69.877426898",28.296310381291132,9.359718645122463,-7.84626927877094,0.5957446808510636,8.08757290776008,40.37208063778144,32.284507730021346,24.36089637445006,893
518692,"Freeman, Freddie","L","69.860023438",43.08154454810636,10.698467701083027,0.9547901675835542,0.4635944700460831,-2.1545365148831013,26.99304823970177,29.147584754584873,30.383468414367698,1085
669257,"Smith, Will","R","69.791438858",34.00084354940851,11.756574931922552,0.8314320153782098,0.6249999999999999,-1.6564586628538502,31.262133997309896,32.91859266016374,28.985881003910308,648
514888,"Altuve, Jose","R","69.713636176",28.774346733581286,15.311670287150218,-5.65532399194741,0.5533678756476682,17.267928731679874,30.103212889390974,12.835284157711097,30.1400005439936,965
680574,"McLain, Matt","R","69.693676359",32.076370228097076,11.450891519932181,-0.055471777395892374,0.5654152445961319,4.059644050691789,32.15392065048608,28.09427659979429,27.05641732269302,879
683737,"Busch, Michael","L","69.634582455",36.75804142844344,16.323242062987074,-1.0807756687758714,0.503719447396387,1.5419501064049468,32.5181416706396,30.97619156423464,26.491511118705397,941
807713,"Shaw, Matt","R","69.579360168",26.77362746257407,11.064700911069112,-2.0139997483500482,0.6554621848739496,1.9537510976348567,31.648772039544607,29.69502094190974,28.234136939340065,714
666158,"Lux, Gavin","L","69.569832481",33.286240941286565,11.281417183264882,2.469164937128213,0.4537275064267351,-1.1678640820720778,32.0993807903247,33.26724487239679,26.494061280286154,778
666023,"Fermin, Freddy","R","69.565852612",34.520633593181124,8.870973701376847,-0.685121384762976,0.4951923076923078,-0.3443912134267329,28.74212160439219,29.08651281781892,27.603203898232263,624
650859,"Rengifo, Luis","R","69.537732968",33.63893159765928,7.210719585757328,3.7547284381132946,0.4883720930232558,7.95975031227163,26.521333977646485,18.561583665374858,26.310983744801177,903
686797,"Lee, Brooks","R","69.503786174",30.900896608151587,11.30350839795345,-4.642672379830029,0.5774647887323944,3.3748646040661785,30.07524202740727,26.7003774233411,27.913080059256753,852
621493,"Ward, Taylor","R","69.470514",32.118654401548284,9.09525407329269,-2.890134945456081,0.555056179775281,1.798582315389081,33.45790379748524,31.659321482096157,25.717152225637843,890
681082,"Stott, Bryson","L","69.358487003",32.778330896393285,7.5061188959888145,2.059052038928687,0.5153234960272418,1.6071952777209553,28.22979619113942,26.62260091341845,23.708853767431428,881
680977,"Donovan, Brendan","L","69.324502088",30.35290500427042,7.866915630832324,1.834474025873341,0.49175824175824184,-1.519993743726261,24.88597302523921,26.405966768965484,28.484888114096698,728
665926,"Giménez, Andrés","L","69.282386172",31.410668352632918,8.26038957174092,3.030275963025805,0.48698315467075043,2.1860471727469544,29.139328069818617,26.953280897071654,29.339765596827622,653
666182,"Bichette, Bo","R","69.120509508",37.50038034143442,4.485339850812931,1.3000784871534776,0.33944069431051116,-2.823369931705296,24.542980547030673,27.366350478735978,25.099317761215705,1037
643565,"Tauchman, Mike","L","69.078247328",34.20714408608628,8.527618638960297,1.1172848281270162,0.48091603053435117,-2.983638416102518,30.432035769168383,33.415674185270895,29.630141010409755,655
669701,"Smith, Josh","L","69.062262971",36.51512258822863,8.598320876597276,-1.8522178181468905,0.4312638580931266,-0.9892018339644332,30.775074148614486,31.76427598257892,27.104646890304476,902
687363,"Scott II, Victor","L","69.026271338",32.20404942811464,9.736919134445403,-1.826587852497445,0.5353846153846156,8.319320098974735,31.76883509437297,23.449514995398246,24.0829659744687,650
605141,"Betts, Mookie","R","69.024111477",34.615448689267254,9.237669378255815,-5.4736057880404205,0.5569767441860465,7.496571935723746,33.19730262455145,25.700730688827704,28.642898316671065,860
645277,"Albies, Ozzie","R","68.983518707",34.905256863467095,12.742388793243013,-5.341935998637231,0.5851917930419269,2.2671773978558596,36.866434654772426,34.59925725691659,21.59429222568962,1121
670623,"Paredes, Isaac","R","68.963111045",32.501550463598676,15.567041609074437,-15.424625932938042,0.5560675883256528,6.957759539304548,37.82499751658439,30.867237977279828,25.83486971045713,651
641680,"Heim, Jonah","R","68.955558448",28.606553072712963,10.974982338929685,0.42248150820368363,0.5924426450742242,-0.8886990010164846,28.253359932049236,29.14205893306574,30.8757722985448,741
643217,"Benintendi, Andrew","L","68.746355636",32.483160232603375,15.867824453038454,-5.117332575062776,0.5465268676277849,4.36678882353962,35.24690833966418,30.88011951612455,22.41238739937245,763
687462,"Horwitz, Spencer","L","68.514093706",35.886024345897624,10.00977061307434,-1.9674952570484554,0.4514705882352941,0.6670218093596801,30.097493561896385,29.430471752536715,25.22901942345791,680
663538,"Hoerner, Nico","R","68.463165846",33.29169376924097,5.868818801302834,-1.9065520622755123,0.47922998986828774,-2.6245773078230408,27.134620903614945,29.75919821143799,27.566505102331657,987
543760,"Semien, Marcus","R","68.434827283",34.77435718404051,15.774369825596025,-3.855597990932919,0.5664739884393064,2.4868551304501674,30.493006130173484,28.006150999723307,23.990789646548574,865
808982,"Lee, Jung Hoo","L","68.34337596",39.441089031973576,5.210714842707663,-4.622118773709068,0.4072447859495059,3.5264058894452566,30.20919067248448,26.682784783039228,21.116963757884015,911
672695,"Perdomo, Geraldo","R","68.256621416",35.391383905852116,7.430213965136821,-1.8160983881023758,0.4985250737463128,6.635499230131101,25.28366909100413,18.64816986087302,25.551306243118365,1017
686217,"Frelick, Sal","L","68.189706979",28.142740334850565,8.600187171150141,-1.7975149677336377,0.5194508009153319,-3.1322160308376823,27.788175180053766,30.92039121089144,27.366609162600554,874
664770,"Lukes, Nathan","L","68.021301805",31.69203104989937,7.409234971807242,8.031312083350919,0.43668122270742366,-0.5829909117915255,26.244920241578832,26.82791115337036,30.67172871033181,687
702332,"Durbin, Caleb","R","67.915193605",27.558711785138158,8.05880991602442,-3.9756295992865756,0.6380543633762517,-4.5252007412024415,27.83921894192388,32.3644196831263,27.16432263127876,699
676391,"Clement, Ernie","R","67.618231374",32.21511981871965,11.588070428276211,-3.1129640086720247,0.5937136204889404,8.529163353903439,31.154598423003122,22.625435069099687,28.269427114014615,859
656716,"McKinstry, Zach","L","67.540293898",37.427320057529876,9.895872879460716,1.3593614059718966,0.4312796208530806,-0.07197193517412566,27.293121332667916,27.365093267842045,26.45161206712916,844
694384,"Schanuel, Nolan","L","67.529340396",38.49627877668249,8.633209220588933,-1.0065024268917218,0.4610630407911001,0.7457914565063293,30.750247960041065,30.004456503534733,23.252882729647258,809
700337,"Quero, Edgar","R","67.499071944",31.514806672741436,6.018052614684612,9.498417721785003,0.5216049382716051,-9.05711805651949,25.126751438044117,34.183869494563595,29.61591173869252,648
805367,"Meidroth, Chase","R","67.434461228",29.3798086179246,6.673114837827288,2.0723385516779906,0.4869942196531792,-2.4462233990464983,29.14643693899118,31.592660338037682,28.231522443556997,692
663968,"Mangum, Jake","R","67.308387186",29.253213273386145,2.275959399731847,11.53800141106799,0.31043593130779396,-5.443635105522815,21.0239030151524,26.4675381206752,28.523390695764366,757
669364,"Edwards, Xavier","R","66.87790447",31.121390926711854,2.684583817006099,2.437286241966804,0.341991341991342,8.810051659162944,28.51019273593878,19.70014107677585,24.395534484884266,924
643396,"Kiner-Falefa, Isiah","R","66.566837869",32.483090560703694,4.4200992646798385,3.6643182107671812,0.37518248175182484,-0.693690994997944,28.843201089524847,29.536892084522794,27.79607656708872,685
624428,"Frazier, Adam","L","65.886248467",39.1801217834218,11.392098249640979,3.0224019335257357,0.4561186650185415,2.923323481856495,24.042431407949344,21.11910792609284,22.08754674962072,809
527038,"Flores, Wilmer","R","65.529887795",32.142502616786686,11.227195539022713,-6.604416838047234,0.49805447470817105,3.6973733473096515,31.38298673651646,27.685613389206804,25.25729447462328,771
805779,"Wilson, Jacob","R","63.878761123",35.13126542686672,2.8265476117131088,-1.0207822645943123,0.3633841886269072,2.020191868091069,30.573419116572552,28.553227248481484,25.665803237372067,721
680757,"Kwan, Steven","L","63.681147338",35.61840002011843,3.2427783157363796,-2.5076212822356183,0.3532494758909854,6.951044911119922,29.794134931384882,22.843090020264952,22.666924784528792,954
650333,"Arraez, Luis","L","62.648735321",37.43745146438694,5.61608966197937,4.621656466227659,0.40276406712734464,-2.82803566758525,31.484589707211075,34.312625374796326,26.019936146158315,1013