"id","name","bbe","gb_rate","air_rate","fb_rate","ld_rate","pu_rate","pull_rate","straight_rate","oppo_rate","pull_gb_rate","straight_gb_rate","oppo_gb_rate","pull_air_rate","straight_air_rate","oppo_air_rate"
683737,"Busch, Michael",387,0.36175710594315247,0.6382428940568475,0.3695090439276486,0.2351421188630491,0.03359173126614987,0.4418604651162791,0.3281653746770026,0.22997416020671835,0.21963824289405684,0.1111111111111111,0.031007751937984496,0.22222222222222224,0.21705426356589147,0.19896640826873385
663656,"Tucker, Kyle",416,0.3389423076923077,0.6610576923076923,0.3269230769230769,0.2668269230769231,0.0673076923076923,0.4519230769230769,0.3389423076923077,0.2091346153846154,0.20432692307692307,0.10096153846153846,0.03365384615384615,0.24759615384615385,0.23798076923076925,0.17548076923076925
691718,"Crow-Armstrong, Pete",454,0.33480176211453744,0.6651982378854625,0.35462555066079293,0.21585903083700442,0.0947136563876652,0.4889867841409692,0.3039647577092511,0.20704845814977973,0.18722466960352424,0.1145374449339207,0.03303964757709251,0.30176211453744495,0.18942731277533037,0.17400881057268722
673548,"Suzuki, Seiya",415,0.3180722891566265,0.6819277108433736,0.3469879518072289,0.25783132530120484,0.07710843373493977,0.41927710843373495,0.3469879518072289,0.23373493975903614,0.17590361445783131,0.09879518072289156,0.043373493975903614,0.24337349397590363,0.24819277108433735,0.19036144578313252
621020,"Swanson, Dansby",428,0.42289719626168226,0.5771028037383178,0.2733644859813084,0.24532710280373832,0.05841121495327103,0.42289719626168226,0.39953271028037385,0.17757009345794392,0.24532710280373832,0.15654205607476634,0.02102803738317757,0.17757009345794394,0.2429906542056075,0.15654205607476634
807713,"Shaw, Matt",303,0.39603960396039606,0.603960396039604,0.25742574257425743,0.25412541254125415,0.0924092409240924,0.40924092409240925,0.3234323432343234,0.26732673267326734,0.19141914191419143,0.1485148514851485,0.056105610561056105,0.21782178217821782,0.1749174917491749,0.21122112211221122
664023,"Happ, Ian",423,0.3664302600472813,0.6335697399527187,0.2907801418439716,0.26004728132387706,0.08274231678486997,0.408983451536643,0.3380614657210402,0.25295508274231676,0.19858156028368795,0.1347517730496454,0.03309692671394799,0.21040189125295505,0.2033096926713948,0.21985815602836878
608348,"Kelly, Carson",293,0.3822525597269625,0.6177474402730375,0.29692832764505117,0.2354948805460751,0.08532423208191127,0.4300341296928328,0.30716723549488056,0.2627986348122867,0.19112627986348124,0.14334470989761092,0.04778156996587031,0.23890784982935154,0.16382252559726965,0.21501706484641642
606192,"Hernández, Teoscar",382,0.45287958115183247,0.5471204188481675,0.2774869109947644,0.23036649214659685,0.03926701570680628,0.3586387434554974,0.3769633507853403,0.2643979057591623,0.23298429319371727,0.15968586387434555,0.060209424083769635,0.12565445026178013,0.21727748691099477,0.20418848167539264
624424,"Conforto, Michael",300,0.42,0.58,0.3,0.22333333333333333,0.056666666666666664,0.38,0.3466666666666667,0.2733333333333333,0.22,0.16666666666666666,0.03333333333333333,0.16,0.18000000000000002,0.24
660271,"Ohtani, Shohei",426,0.3967136150234742,0.6032863849765258,0.3568075117370892,0.2112676056338028,0.035211267605633804,0.431924882629108,0.3779342723004695,0.19014084507042253,0.2300469483568075,0.1431924882629108,0.023474178403755867,0.2018779342723005,0.2347417840375587,0.16666666666666666
669242,"Edman, Tommy",291,0.4570446735395189,0.5429553264604811,0.24398625429553264,0.24398625429553264,0.054982817869415807,0.4261168384879725,0.35051546391752575,0.22336769759450173,0.24054982817869416,0.16838487972508592,0.048109965635738834,0.18556701030927833,0.18213058419243983,0.1752577319587629
571970,"Muncy, Max",235,0.3148936170212766,0.6851063829787234,0.4085106382978723,0.2297872340425532,0.04680851063829787,0.5148936170212766,0.32340425531914896,0.16170212765957448,0.2,0.11063829787234042,0.00425531914893617,0.31489361702127655,0.21276595744680854,0.1574468085106383
669257,"Smith, Will",278,0.3273381294964029,0.6726618705035972,0.3669064748201439,0.25539568345323743,0.050359712230215826,0.3273381294964029,0.4136690647482014,0.2589928057553957,0.1510791366906475,0.13309352517985612,0.04316546762589928,0.1762589928057554,0.2805755395683453,0.2158273381294964
681624,"Pages, Andy",452,0.35398230088495575,0.6460176991150441,0.3252212389380531,0.2721238938053097,0.048672566371681415,0.40707964601769914,0.3407079646017699,0.252212389380531,0.20575221238938052,0.10619469026548672,0.0420353982300885,0.20132743362831862,0.23451327433628316,0.21017699115044247
694192,"Chourio, Jackson",435,0.42758620689655175,0.5724137931034483,0.2574712643678161,0.2413793103448276,0.0735632183908046,0.3425287356321839,0.3839080459770115,0.2735632183908046,0.19310344827586207,0.17011494252873563,0.06436781609195402,0.14942528735632182,0.21379310344827587,0.20919540229885059
702332,"Durbin, Caleb",402,0.43781094527363185,0.5621890547263682,0.22885572139303484,0.22388059701492538,0.10945273631840796,0.4129353233830846,0.38308457711442784,0.20398009950248755,0.208955223880597,0.17164179104477612,0.05721393034825871,0.20398009950248758,0.21144278606965172,0.14676616915422885
592885,"Yelich, Christian",407,0.5675675675675675,0.43243243243243246,0.171990171990172,0.2285012285012285,0.03194103194103194,0.33415233415233414,0.3882063882063882,0.27764127764127766,0.25307125307125306,0.22358722358722358,0.09090909090909091,0.08108108108108109,0.16461916461916462,0.18673218673218675
668930,"Turang, Brice",441,0.46938775510204084,0.5306122448979591,0.2562358276643991,0.25170068027210885,0.022675736961451247,0.2585034013605442,0.40589569160997735,0.3356009070294785,0.18820861678004536,0.20861678004535147,0.07256235827664399,0.07029478458049887,0.19727891156462588,0.2630385487528345
687401,"Ortiz, Joey",402,0.4552238805970149,0.5447761194029851,0.1865671641791045,0.22388059701492538,0.13432835820895522,0.2960199004975124,0.3805970149253731,0.32338308457711445,0.17164179104477612,0.1791044776119403,0.1044776119402985,0.12437810945273631,0.20149253731343283,0.21890547263681595
686217,"Frelick, Sal",456,0.4649122807017544,0.5350877192982456,0.20175438596491227,0.2324561403508772,0.10087719298245613,0.4100877192982456,0.34210526315789475,0.24780701754385964,0.2324561403508772,0.16885964912280702,0.06359649122807018,0.17763157894736842,0.17324561403508773,0.18421052631578946
686555,"Collins, Isaac",285,0.43859649122807015,0.5614035087719298,0.23508771929824562,0.256140350877193,0.07017543859649122,0.4105263157894737,0.3508771929824561,0.23859649122807017,0.20701754385964913,0.15789473684210525,0.07368421052631578,0.20350877192982456,0.19298245614035087,0.1649122807017544
669357,"Gorman, Nolan",219,0.2831050228310502,0.7168949771689497,0.3744292237442922,0.2557077625570776,0.0867579908675799,0.410958904109589,0.3287671232876712,0.2602739726027397,0.1598173515981735,0.091324200913242,0.0319634703196347,0.2511415525114155,0.2374429223744292,0.228310502283105
575929,"Contreras, Willson",353,0.4192634560906516,0.5807365439093484,0.2804532577903683,0.2577903682719547,0.042492917847025496,0.37677053824362605,0.37960339943342775,0.24362606232294617,0.17847025495750707,0.18696883852691218,0.053824362606232294,0.19830028328611898,0.19263456090651557,0.18980169971671387
686780,"Pagés, Pedro",260,0.4307692307692308,0.5692307692307692,0.25769230769230766,0.23076923076923078,0.08076923076923077,0.3269230769230769,0.35,0.3230769230769231,0.16923076923076924,0.16153846153846155,0.1,0.1576923076923077,0.18846153846153843,0.2230769230769231
663457,"Nootbaar, Lars",394,0.37817258883248733,0.6218274111675126,0.2614213197969543,0.25380710659898476,0.1065989847715736,0.33756345177664976,0.3934010152284264,0.26903553299492383,0.18527918781725888,0.1446700507614213,0.048223350253807105,0.15228426395939088,0.2487309644670051,0.22081218274111672
676475,"Burleson, Alec",423,0.40189125295508277,0.5981087470449172,0.28841607565011823,0.24113475177304963,0.06855791962174941,0.33569739952718675,0.40425531914893614,0.26004728132387706,0.20094562647754138,0.13238770685579196,0.06855791962174941,0.13475177304964536,0.27186761229314416,0.19148936170212766
691026,"Winn, Masyn",393,0.39185750636132316,0.6081424936386769,0.24427480916030533,0.2544529262086514,0.10941475826972011,0.3893129770992366,0.3511450381679389,0.2595419847328244,0.178117048346056,0.1475826972010178,0.06615776081424936,0.21119592875318063,0.2035623409669211,0.19338422391857507
671056,"Herrera, Iván",308,0.487012987012987,0.512987012987013,0.19805194805194806,0.24675324675324675,0.06818181818181818,0.35714285714285715,0.37337662337662336,0.2694805194805195,0.21103896103896103,0.19805194805194806,0.07792207792207792,0.14610389610389612,0.1753246753246753,0.19155844155844157
571448,"Arenado, Nolan",356,0.3651685393258427,0.6348314606741573,0.300561797752809,0.21629213483146068,0.11797752808988764,0.42134831460674155,0.34831460674157305,0.2303370786516854,0.17134831460674158,0.12921348314606743,0.06460674157303371,0.24999999999999997,0.21910112359550563,0.1657303370786517
661388,"Contreras, William",452,0.504424778761062,0.4955752212389381,0.2168141592920354,0.23893805309734514,0.03982300884955752,0.35176991150442477,0.3893805309734513,0.2588495575221239,0.2411504424778761,0.19247787610619468,0.07079646017699115,0.11061946902654868,0.19690265486725664,0.18805309734513276
650489,"Castro, Willi",292,0.410958904109589,0.589041095890411,0.2671232876712329,0.2636986301369863,0.05821917808219178,0.3767123287671233,0.363013698630137,0.2602739726027397,0.1815068493150685,0.1404109589041096,0.08904109589041095,0.1952054794520548,0.2226027397260274,0.17123287671232876
686797,"Lee, Brooks",400,0.4425,0.5575,0.29,0.205,0.0625,0.4075,0.365,0.2275,0.2325,0.1525,0.0575,0.17499999999999996,0.2125,0.17
669394,"Burger, Jake",266,0.39473684210526316,0.6052631578947368,0.2857142857142857,0.22932330827067668,0.09022556390977443,0.3458646616541353,0.37969924812030076,0.2744360902255639,0.21052631578947367,0.15037593984962405,0.03383458646616541,0.13533834586466165,0.2293233082706767,0.2406015037593985
668904,"Lewis, Royce",298,0.36577181208053694,0.634228187919463,0.32550335570469796,0.21476510067114093,0.09395973154362416,0.4563758389261745,0.36577181208053694,0.17785234899328858,0.21140939597315436,0.12751677852348994,0.026845637583892617,0.24496644295302014,0.238255033557047,0.15100671140939598
680777,"Jeffers, Ryan",316,0.3829113924050633,0.6170886075949368,0.25316455696202533,0.27531645569620256,0.08860759493670886,0.34810126582278483,0.3829113924050633,0.2689873417721519,0.16772151898734178,0.17088607594936708,0.04430379746835443,0.18037974683544306,0.2120253164556962,0.22468354430379744
621043,"Correa, Carlos",425,0.4823529411764706,0.5176470588235293,0.18823529411764706,0.2752941176470588,0.05411764705882353,0.34352941176470586,0.3764705882352941,0.28,0.19294117647058823,0.20705882352941177,0.08235294117647059,0.15058823529411763,0.16941176470588235,0.19764705882352945
621439,"Buxton, Byron",346,0.3670520231213873,0.6329479768786127,0.3468208092485549,0.2138728323699422,0.07225433526011561,0.4884393063583815,0.33236994219653176,0.1791907514450867,0.22832369942196531,0.10982658959537572,0.028901734104046242,0.2601156069364162,0.22254335260115604,0.15028901734104044
664056,"Bader, Harrison",315,0.45714285714285713,0.5428571428571428,0.22857142857142856,0.2253968253968254,0.08888888888888889,0.4380952380952381,0.35873015873015873,0.20317460317460317,0.2,0.2,0.05714285714285714,0.23809523809523808,0.15873015873015872,0.14603174603174604
664034,"France, Ty",364,0.46703296703296704,0.532967032967033,0.24175824175824176,0.25824175824175827,0.03296703296703297,0.3159340659340659,0.3901098901098901,0.29395604395604397,0.18406593406593408,0.2087912087912088,0.07417582417582418,0.13186813186813184,0.1813186813186813,0.21978021978021978
669701,"Smith, Josh",399,0.44611528822055135,0.5538847117794485,0.24060150375939848,0.24561403508771928,0.06766917293233082,0.3634085213032581,0.37343358395989973,0.2631578947368421,0.21804511278195488,0.17042606516290726,0.05764411027568922,0.14536340852130325,0.20300751879699247,0.20551378446115287
543760,"Semien, Marcus",386,0.344559585492228,0.655440414507772,0.33419689119170987,0.23056994818652848,0.09067357512953368,0.44559585492227977,0.36787564766839376,0.18652849740932642,0.20725388601036268,0.11139896373056994,0.025906735751295335,0.23834196891191708,0.2564766839378238,0.16062176165803108
673962,"Jung, Josh",353,0.4164305949008499,0.5835694050991502,0.24929178470254956,0.2747875354107649,0.059490084985835696,0.35127478753541075,0.40509915014164305,0.24362606232294617,0.2096317280453258,0.17563739376770537,0.031161473087818695,0.14164305949008496,0.22946175637393768,0.21246458923512748
608369,"Seager, Corey",295,0.44745762711864406,0.5525423728813559,0.31864406779661014,0.21694915254237288,0.01694915254237288,0.3423728813559322,0.4271186440677966,0.2305084745762712,0.22372881355932203,0.2,0.023728813559322035,0.11864406779661016,0.22711864406779658,0.20677966101694917
666969,"García, Adolis",379,0.36939313984168864,0.6306068601583114,0.33773087071240104,0.22163588390501318,0.0712401055408971,0.37994722955145116,0.35356200527704484,0.26649076517150394,0.20052770448548812,0.13192612137203166,0.036939313984168866,0.17941952506596304,0.22163588390501318,0.22955145118733508
694671,"Langford, Wyatt",343,0.3498542274052478,0.6501457725947523,0.30612244897959184,0.26822157434402333,0.07580174927113703,0.4314868804664723,0.33819241982507287,0.2303206997084548,0.18950437317784258,0.12244897959183673,0.037900874635568516,0.24198250728862974,0.21574344023323613,0.1924198250728863
670242,"Wallner, Matt",224,0.34375,0.65625,0.33482142857142855,0.1875,0.13392857142857142,0.48660714285714285,0.32589285714285715,0.1875,0.19642857142857142,0.11160714285714286,0.03571428571428571,0.2901785714285714,0.2142857142857143,0.1517857142857143
665019,"Clemens, Kody",259,0.3436293436293436,0.6563706563706563,0.3359073359073359,0.25096525096525096,0.0694980694980695,0.444015444015444,0.3783783783783784,0.1776061776061776,0.21235521235521235,0.10810810810810811,0.023166023166023165,0.23166023166023167,0.2702702702702703,0.15444015444015444
573262,"Yastrzemski, Mike",376,0.3271276595744681,0.6728723404255319,0.3351063829787234,0.24468085106382978,0.09308510638297872,0.3962765957446808,0.34308510638297873,0.26063829787234044,0.14361702127659576,0.14361702127659576,0.0398936170212766,0.25265957446808507,0.19946808510638298,0.22074468085106386
669477,"Schmitt, Casey",233,0.3261802575107296,0.6738197424892705,0.30042918454935624,0.30042918454935624,0.07296137339055794,0.4678111587982833,0.296137339055794,0.23605150214592274,0.20600858369098712,0.09012875536480687,0.030042918454935622,0.26180257510729615,0.20600858369098712,0.20600858369098712
527038,"Flores, Wilmer",334,0.3502994011976048,0.6497005988023952,0.2694610778443114,0.26047904191616766,0.11976047904191617,0.38922155688622756,0.3502994011976048,0.26047904191616766,0.15868263473053892,0.1437125748502994,0.04790419161676647,0.23053892215568864,0.20658682634730538,0.2125748502994012
808982,"Lee, Jung Hoo",493,0.4746450304259635,0.5253549695740365,0.24949290060851928,0.23935091277890466,0.036511156186612576,0.3995943204868154,0.34685598377281945,0.2535496957403651,0.24746450304259635,0.1643002028397566,0.06288032454361055,0.15212981744421908,0.18255578093306285,0.1906693711967546
642715,"Adames, Willy",421,0.3182897862232779,0.681710213776722,0.36342042755344417,0.22327790973871733,0.09501187648456057,0.4418052256532066,0.3182897862232779,0.23990498812351543,0.2161520190023753,0.07125890736342043,0.030878859857482184,0.22565320665083133,0.24703087885985747,0.20902612826603326
671218,"Ramos, Heliot",468,0.4444444444444444,0.5555555555555556,0.25427350427350426,0.24358974358974358,0.057692307692307696,0.3311965811965812,0.4252136752136752,0.24358974358974358,0.18803418803418803,0.22435897435897437,0.03205128205128205,0.14316239316239315,0.20085470085470084,0.21153846153846154
687597,"Beck, Jordan",366,0.4207650273224044,0.5792349726775956,0.2650273224043716,0.26229508196721313,0.05191256830601093,0.3907103825136612,0.3797814207650273,0.22950819672131148,0.2185792349726776,0.14207650273224043,0.060109289617486336,0.1721311475409836,0.23770491803278687,0.16939890710382516
671289,"Freeman, Tyler",332,0.5210843373493976,0.47891566265060237,0.20783132530120482,0.25301204819277107,0.018072289156626505,0.32228915662650603,0.37349397590361444,0.3042168674698795,0.20783132530120482,0.22590361445783133,0.08734939759036145,0.11445783132530121,0.1475903614457831,0.21686746987951808
686668,"Doyle, Brenton",370,0.4648648648648649,0.5351351351351351,0.2594594594594595,0.22972972972972974,0.04594594594594595,0.4,0.3783783783783784,0.22162162162162163,0.24054054054054055,0.1918918918918919,0.032432432432432434,0.15945945945945947,0.1864864864864865,0.1891891891891892
641857,"McMahon, Ryan",323,0.43343653250773995,0.56656346749226,0.3065015479876161,0.22910216718266255,0.030959752321981424,0.4117647058823529,0.3931888544891641,0.19504643962848298,0.24148606811145512,0.15170278637770898,0.04024767801857585,0.1702786377708978,0.2414860681114551,0.15479876160990713
666160,"Moniak, Mickey",327,0.3363914373088685,0.6636085626911314,0.3669724770642202,0.2599388379204893,0.03669724770642202,0.44036697247706424,0.3333333333333333,0.22629969418960244,0.1926605504587156,0.12232415902140673,0.021406727828746176,0.24770642201834864,0.2110091743119266,0.20489296636085627
683011,"Volpe, Anthony",399,0.41604010025062654,0.5839598997493733,0.2982456140350877,0.21553884711779447,0.07017543859649122,0.3283208020050125,0.40601503759398494,0.2656641604010025,0.19799498746867167,0.16290726817042606,0.05513784461152882,0.13032581453634084,0.24310776942355888,0.21052631578947367
700250,"Rice, Ben",369,0.3983739837398374,0.6016260162601627,0.2845528455284553,0.24932249322493225,0.06775067750677506,0.4444444444444444,0.34417344173441733,0.21138211382113822,0.19241192411924118,0.15176151761517614,0.05420054200542006,0.25203252032520324,0.19241192411924118,0.15718157181571818
502671,"Goldschmidt, Paul",391,0.3887468030690537,0.6112531969309463,0.2966751918158568,0.25831202046035806,0.056265984654731455,0.37084398976982097,0.3248081841432225,0.30434782608695654,0.1918158567774936,0.13554987212276215,0.061381074168797956,0.17902813299232737,0.18925831202046034,0.24296675191815859
641355,"Bellinger, Cody",507,0.32938856015779094,0.6706114398422091,0.35700197238658776,0.24260355029585798,0.07100591715976332,0.4240631163708087,0.3175542406311637,0.2583826429980276,0.17751479289940827,0.11045364891518737,0.04142011834319527,0.2465483234714004,0.20710059171597633,0.21696252465483234
663757,"Grisham, Trent",358,0.3715083798882682,0.6284916201117318,0.33519553072625696,0.20670391061452514,0.08659217877094973,0.4776536312849162,0.3547486033519553,0.16759776536312848,0.2430167597765363,0.10614525139664804,0.0223463687150838,0.23463687150837992,0.24860335195530725,0.14525139664804468
691176,"Domínguez, Jasson",270,0.45185185185185184,0.5481481481481482,0.27037037037037037,0.2074074074074074,0.07037037037037037,0.3592592592592593,0.37037037037037035,0.27037037037037037,0.23333333333333334,0.17777777777777778,0.040740740740740744,0.12592592592592594,0.19259259259259257,0.22962962962962963
521692,"Perez, Salvador",473,0.35095137420718814,0.6490486257928119,0.32558139534883723,0.23255813953488372,0.09090909090909091,0.4587737843551797,0.33192389006342493,0.20930232558139536,0.19238900634249473,0.12473572938689217,0.03382663847780127,0.26638477801268495,0.20718816067653276,0.1754756871035941
686469,"Pasquantino, Vinnie",519,0.3815028901734104,0.6184971098265897,0.29672447013487474,0.24277456647398843,0.0789980732177264,0.4508670520231214,0.32947976878612717,0.21965317919075145,0.2003853564547206,0.14065510597302505,0.04046242774566474,0.2504816955684008,0.18882466281310212,0.1791907514450867
663697,"India, Jonathan",394,0.383248730964467,0.6167512690355329,0.2969543147208122,0.2182741116751269,0.10152284263959391,0.4796954314720812,0.2918781725888325,0.22842639593908629,0.2512690355329949,0.11421319796954314,0.017766497461928935,0.2284263959390863,0.17766497461928932,0.21065989847715735
677951,"Witt Jr., Bobby",505,0.37425742574257426,0.6257425742574257,0.27920792079207923,0.2613861386138614,0.08514851485148515,0.3287128712871287,0.3782178217821782,0.29306930693069305,0.1702970297029703,0.1485148514851485,0.055445544554455446,0.15841584158415842,0.2297029702970297,0.2376237623762376
672580,"Garcia, Maikel",519,0.4489402697495183,0.5510597302504817,0.21579961464354527,0.27167630057803466,0.06358381502890173,0.35260115606936415,0.3969171483622351,0.2504816955684008,0.1907514450867052,0.19653179190751446,0.06165703275529865,0.16184971098265896,0.2003853564547206,0.18882466281310212
666023,"Fermin, Freddy",261,0.4827586206896552,0.5172413793103448,0.24521072796934865,0.19923371647509577,0.07279693486590039,0.32950191570881227,0.38697318007662834,0.2835249042145594,0.210727969348659,0.1839080459770115,0.08812260536398467,0.11877394636015326,0.20306513409961685,0.19540229885057472
664728,"Isbel, Kyle",310,0.5225806451612903,0.4774193548387097,0.17419354838709677,0.2129032258064516,0.09032258064516129,0.36129032258064514,0.4096774193548387,0.22903225806451613,0.20967741935483872,0.23548387096774193,0.07741935483870968,0.15161290322580642,0.17419354838709677,0.15161290322580645
693307,"Dingler, Dillon",326,0.3619631901840491,0.638036809815951,0.26380368098159507,0.30368098159509205,0.0705521472392638,0.38650306748466257,0.3619631901840491,0.25153374233128833,0.1901840490797546,0.13190184049079753,0.03987730061349693,0.19631901840490795,0.23006134969325157,0.2116564417177914
656716,"McKinstry, Zach",347,0.4092219020172911,0.5907780979827089,0.24495677233429394,0.2910662824207493,0.05475504322766571,0.4322766570605187,0.31412103746397696,0.25360230547550433,0.23919308357348704,0.11815561959654179,0.05187319884726225,0.19308357348703167,0.19596541786743515,0.2017291066282421
595879,"Báez, Javier",311,0.4533762057877814,0.5466237942122186,0.2733118971061093,0.2057877813504823,0.06752411575562701,0.40514469453376206,0.3440514469453376,0.2508038585209003,0.2315112540192926,0.15434083601286175,0.06752411575562701,0.17363344051446947,0.18971061093247588,0.1832797427652733
676059,"Westburg, Jordan",249,0.43373493975903615,0.5662650602409638,0.30522088353413657,0.18473895582329317,0.07630522088353414,0.3534136546184739,0.40562248995983935,0.24096385542168675,0.23293172690763053,0.17269076305220885,0.028112449799196786,0.12048192771084337,0.2329317269076305,0.21285140562248997
683002,"Henderson, Gunnar",445,0.4853932584269663,0.5146067415730338,0.18876404494382024,0.25842696629213485,0.06741573033707865,0.36629213483146067,0.3775280898876405,0.25617977528089886,0.21348314606741572,0.19775280898876405,0.07415730337078652,0.15280898876404495,0.17977528089887643,0.18202247191011234
668939,"Rutschman, Adley",267,0.4344569288389513,0.5655430711610487,0.2808988764044944,0.2247191011235955,0.0599250936329588,0.41947565543071164,0.3258426966292135,0.2546816479400749,0.250936329588015,0.12734082397003746,0.056179775280898875,0.16853932584269665,0.19850187265917604,0.19850187265917604
690993,"Keith, Colt",316,0.379746835443038,0.620253164556962,0.2911392405063291,0.2848101265822785,0.04430379746835443,0.3639240506329114,0.37658227848101267,0.25949367088607594,0.18354430379746836,0.14873417721518986,0.04746835443037975,0.18037974683544303,0.2278481012658228,0.2120253164556962
650402,"Torres, Gleyber",438,0.3835616438356164,0.6164383561643836,0.3059360730593607,0.2602739726027397,0.0502283105022831,0.3105022831050228,0.3904109589041096,0.2990867579908676,0.17123287671232876,0.1643835616438356,0.04794520547945205,0.13926940639269406,0.226027397260274,0.25114155251141557
679529,"Torkelson, Spencer",399,0.2756892230576441,0.7243107769423558,0.3659147869674185,0.24060150375939848,0.11779448621553884,0.48370927318295737,0.3107769423558897,0.20551378446115287,0.16541353383458646,0.08771929824561403,0.022556390977443608,0.3182957393483709,0.22305764411027568,0.18295739348370926
681481,"Carpenter, Kerry",329,0.3282674772036474,0.6717325227963526,0.331306990881459,0.24316109422492402,0.0972644376899696,0.46808510638297873,0.3434650455927052,0.1884498480243161,0.1884498480243161,0.0972644376899696,0.0425531914893617,0.27963525835866265,0.24620060790273557,0.1458966565349544
702616,"Holliday, Jackson",447,0.4899328859060403,0.5100671140939597,0.2505592841163311,0.21923937360178972,0.040268456375838924,0.3378076062639821,0.3982102908277405,0.2639821029082774,0.23042505592841164,0.20134228187919462,0.058165548098434,0.10738255033557045,0.1968680089485459,0.2058165548098434
681297,"Cowser, Colton",199,0.45226130653266333,0.5477386934673367,0.3316582914572864,0.18090452261306533,0.035175879396984924,0.4020100502512563,0.3316582914572864,0.2663316582914573,0.2562814070351759,0.15577889447236182,0.04020100502512563,0.14572864321608042,0.1758793969849246,0.22613065326633164
657656,"Laureano, Ramón",326,0.41411042944785276,0.5858895705521472,0.26380368098159507,0.2607361963190184,0.06134969325153374,0.4263803680981595,0.34662576687116564,0.22699386503067484,0.2085889570552147,0.16257668711656442,0.04294478527607362,0.21779141104294478,0.18404907975460122,0.18404907975460122
602104,"Urías, Ramón",274,0.41605839416058393,0.5839416058394161,0.25547445255474455,0.24087591240875914,0.08759124087591241,0.4489051094890511,0.3357664233576642,0.21532846715328466,0.21897810218978103,0.16058394160583941,0.0364963503649635,0.22992700729927007,0.1751824817518248,0.17883211678832117
643396,"Kiner-Falefa, Isiah",360,0.5805555555555556,0.4194444444444444,0.1111111111111111,0.24444444444444444,0.06388888888888888,0.37777777777777777,0.37222222222222223,0.25,0.2722222222222222,0.225,0.08333333333333333,0.10555555555555557,0.14722222222222223,0.16666666666666669
502054,"Pham, Tommy",303,0.5115511551155115,0.4884488448844884,0.19801980198019803,0.23102310231023102,0.0594059405940594,0.37623762376237624,0.3696369636963696,0.25412541254125415,0.2706270627062706,0.19141914191419143,0.04950495049504951,0.10561056105610561,0.17821782178217818,0.20462046204620465
624428,"Frazier, Adam",344,0.3953488372093023,0.6046511627906977,0.26453488372093026,0.2877906976744186,0.05232558139534884,0.36046511627906974,0.35174418604651164,0.2877906976744186,0.16279069767441862,0.1511627906976744,0.08139534883720931,0.19767441860465113,0.20058139534883723,0.2063953488372093
663538,"Hoerner, Nico",554,0.44945848375451264,0.5505415162454874,0.23826714801444043,0.2545126353790614,0.05776173285198556,0.3700361010830325,0.37184115523465705,0.2581227436823105,0.19494584837545126,0.17509025270758122,0.07942238267148015,0.17509025270758122,0.19675090252707583,0.1787003610108303
457705,"McCutchen, Andrew",362,0.42265193370165743,0.5773480662983425,0.27071823204419887,0.2265193370165746,0.08011049723756906,0.46685082872928174,0.3314917127071823,0.20165745856353592,0.26243093922651933,0.1270718232044199,0.03314917127071823,0.2044198895027624,0.2044198895027624,0.1685082872928177
669707,"Triolo, Jared",259,0.4092664092664093,0.5907335907335908,0.27413127413127414,0.2471042471042471,0.0694980694980695,0.3745173745173745,0.3436293436293436,0.28185328185328185,0.21621621621621623,0.15057915057915058,0.04247104247104247,0.15830115830115826,0.19305019305019303,0.23938223938223938
665833,"Cruz, Oneil",302,0.48344370860927155,0.5165562913907285,0.25165562913907286,0.2185430463576159,0.046357615894039736,0.3609271523178808,0.4105960264900662,0.22847682119205298,0.22847682119205298,0.17880794701986755,0.076158940397351,0.13245033112582782,0.23178807947019867,0.152317880794702
668804,"Reynolds, Bryan",417,0.4724220623501199,0.5275779376498801,0.23501199040767387,0.2829736211031175,0.009592326139088728,0.41247002398081534,0.34772182254196643,0.23980815347721823,0.2589928057553957,0.13908872901678657,0.07434052757793765,0.15347721822541965,0.20863309352517986,0.1654676258992806
687462,"Horwitz, Spencer",292,0.3835616438356164,0.6164383561643836,0.2773972602739726,0.2602739726027397,0.07876712328767123,0.3698630136986301,0.3424657534246575,0.2876712328767123,0.20205479452054795,0.14383561643835616,0.03767123287671233,0.16780821917808217,0.19863013698630136,0.25
671732,"Butler, Lawrence",392,0.46683673469387754,0.5331632653061225,0.22704081632653061,0.25510204081632654,0.05102040816326531,0.336734693877551,0.37244897959183676,0.29081632653061223,0.22448979591836735,0.18112244897959184,0.061224489795918366,0.11224489795918366,0.19132653061224492,0.22959183673469385
667670,"Rooker, Brent",473,0.3699788583509514,0.6300211416490485,0.3023255813953488,0.26004228329809725,0.06765327695560254,0.42917547568710357,0.3488372093023256,0.2219873150105708,0.20930232558139536,0.12896405919661733,0.03171247357293869,0.2198731501057082,0.21987315010570826,0.19027484143763213
668709,"Bleday, JJ",217,0.3686635944700461,0.631336405529954,0.31797235023041476,0.1889400921658986,0.12442396313364056,0.4700460829493088,0.3686635944700461,0.16129032258064516,0.22119815668202766,0.12442396313364056,0.02304147465437788,0.2488479262672811,0.24423963133640553,0.13824884792626727
691016,"Soderstrom, Tyler",422,0.4834123222748815,0.5165876777251185,0.23459715639810427,0.24644549763033174,0.035545023696682464,0.33175355450236965,0.38388625592417064,0.2843601895734597,0.2109004739336493,0.1943127962085308,0.07819905213270142,0.12085308056872035,0.18957345971563982,0.20616113744075829
545361,"Trout, Mike",284,0.3415492957746479,0.6584507042253521,0.3028169014084507,0.28169014084507044,0.07394366197183098,0.3767605633802817,0.3415492957746479,0.28169014084507044,0.176056338028169,0.11267605633802817,0.0528169014084507,0.2007042253521127,0.2288732394366197,0.22887323943661975
666176,"Adell, Jo",376,0.3803191489361702,0.6196808510638298,0.2978723404255319,0.23404255319148937,0.08776595744680851,0.3803191489361702,0.36436170212765956,0.2553191489361702,0.19946808510638298,0.14095744680851063,0.0398936170212766,0.18085106382978722,0.22340425531914893,0.2154255319148936
621493,"Ward, Taylor",410,0.3439024390243902,0.6560975609756097,0.36097560975609755,0.21707317073170732,0.07804878048780488,0.36585365853658536,0.36341463414634145,0.2707317073170732,0.1878048780487805,0.12926829268292683,0.026829268292682926,0.17804878048780487,0.23414634146341462,0.24390243902439027
694384,"Schanuel, Nolan",424,0.42924528301886794,0.5707547169811321,0.25,0.2688679245283019,0.05188679245283019,0.3867924528301887,0.37971698113207547,0.23349056603773585,0.2028301886792453,0.16981132075471697,0.05660377358490566,0.1839622641509434,0.2099056603773585,0.17688679245283018
650859,"Rengifo, Luis",401,0.5062344139650873,0.4937655860349127,0.18453865336658354,0.2518703241895262,0.057356608478802994,0.3266832917705736,0.4089775561097257,0.26433915211970077,0.18703241895261846,0.24688279301745636,0.07231920199501247,0.13965087281795513,0.16209476309226933,0.1920199501246883
687263,"Neto, Zach",358,0.36312849162011174,0.6368715083798883,0.31564245810055863,0.24581005586592178,0.07541899441340782,0.4581005586592179,0.3324022346368715,0.20949720670391062,0.21787709497206703,0.11173184357541899,0.0335195530726257,0.24022346368715086,0.22067039106145253,0.17597765363128492
593428,"Bogaerts, Xander",406,0.43842364532019706,0.5615763546798029,0.2315270935960591,0.2684729064039409,0.06157635467980296,0.4236453201970443,0.37438423645320196,0.2019704433497537,0.23891625615763548,0.16009852216748768,0.03940886699507389,0.18472906403940884,0.21428571428571427,0.1625615763546798
605141,"Betts, Mookie",531,0.327683615819209,0.6723163841807909,0.3446327683615819,0.2674199623352166,0.060263653483992465,0.4293785310734463,0.3559322033898305,0.21468926553672316,0.1902071563088512,0.1016949152542373,0.035781544256120526,0.2391713747645951,0.2542372881355932,0.17890772128060262
592518,"Machado, Manny",489,0.3885480572597137,0.6114519427402864,0.29243353783231085,0.24948875255623723,0.06952965235173825,0.3558282208588957,0.39263803680981596,0.25153374233128833,0.17995910020449898,0.16768916155419222,0.0408997955010225,0.17586912065439672,0.22494887525562374,0.21063394683026584
650333,"Arraez, Luis",618,0.45145631067961167,0.5485436893203883,0.22491909385113268,0.27993527508090615,0.043689320388349516,0.29449838187702265,0.32362459546925565,0.3818770226537217,0.16828478964401294,0.1779935275080906,0.10517799352750809,0.1262135922330097,0.14563106796116504,0.2766990291262136
665487,"Tatis Jr., Fernando",467,0.49036402569593146,0.5096359743040686,0.25267665952890794,0.19914346895074947,0.057815845824411134,0.3618843683083512,0.4025695931477516,0.23554603854389722,0.24197002141327623,0.18843683083511778,0.059957173447537475,0.11991434689507496,0.2141327623126338,0.17558886509635974
630105,"Cronenworth, Jake",323,0.43034055727554177,0.5696594427244582,0.30030959752321984,0.21362229102167182,0.05572755417956656,0.3560371517027864,0.37770897832817335,0.26625386996904027,0.19504643962848298,0.15170278637770898,0.08359133126934984,0.1609907120743034,0.22600619195046437,0.18266253869969043
657757,"Sheets, Gavin",389,0.37275064267352187,0.6272493573264781,0.2442159383033419,0.29048843187660667,0.09254498714652956,0.42159383033419023,0.3393316195372751,0.2390745501285347,0.17994858611825193,0.13881748071979436,0.05398457583547558,0.2416452442159383,0.20051413881748073,0.18508997429305912
518692,"Freeman, Freddie",433,0.41570438799076215,0.584295612009238,0.2909930715935335,0.2540415704387991,0.03926096997690531,0.4341801385681293,0.3117782909930716,0.2540415704387991,0.24480369515011546,0.12009237875288684,0.050808314087759814,0.18937644341801385,0.19168591224018475,0.20323325635103928
701538,"Merrill, Jackson",338,0.3905325443786982,0.6094674556213018,0.30177514792899407,0.2603550295857988,0.047337278106508875,0.3698224852071006,0.33136094674556216,0.2988165680473373,0.21893491124260356,0.13609467455621302,0.03550295857988166,0.15088757396449703,0.19526627218934914,0.26331360946745563
671277,"García Jr., Luis",413,0.4552058111380145,0.5447941888619855,0.24455205811138014,0.24455205811138014,0.05569007263922518,0.3801452784503632,0.41404358353510895,0.20581113801452786,0.22518159806295399,0.18886198547215496,0.04116222760290557,0.15496368038740924,0.22518159806295399,0.16464891041162227
682928,"Abrams, CJ",459,0.4008714596949891,0.5991285403050108,0.28104575163398693,0.2374727668845316,0.08061002178649238,0.43790849673202614,0.3464052287581699,0.21568627450980393,0.21568627450980393,0.13725490196078433,0.04793028322440087,0.2222222222222222,0.2091503267973856,0.16775599128540306
695578,"Wood, James",380,0.49736842105263157,0.5026315789473684,0.2131578947368421,0.27631578947368424,0.013157894736842105,0.29736842105263156,0.42894736842105263,0.2736842105263158,0.18421052631578946,0.23684210526315788,0.07631578947368421,0.1131578947368421,0.19210526315789475,0.19736842105263158
663993,"Lowe, Nathaniel",386,0.4378238341968912,0.5621761658031088,0.2694300518134715,0.24352331606217617,0.04922279792746114,0.3160621761658031,0.3860103626943005,0.2979274611398964,0.18652849740932642,0.18652849740932642,0.06476683937823834,0.1295336787564767,0.19948186528497408,0.23316062176165803
605137,"Bell, Josh",383,0.4595300261096606,0.5404699738903395,0.2793733681462141,0.206266318537859,0.05483028720626632,0.4151436031331593,0.3185378590078329,0.26631853785900783,0.23759791122715404,0.15926892950391644,0.06266318537859007,0.17754569190600525,0.15926892950391644,0.20365535248041777
596019,"Lindor, Francisco",520,0.3903846153846154,0.6096153846153847,0.275,0.25,0.08461538461538462,0.42115384615384616,0.35384615384615387,0.225,0.19423076923076923,0.15,0.046153846153846156,0.22692307692307692,0.20384615384615387,0.17884615384615385
665742,"Soto, Juan",447,0.4519015659955257,0.5480984340044742,0.2751677852348993,0.2080536912751678,0.06487695749440715,0.38926174496644295,0.40268456375838924,0.2080536912751678,0.22818791946308725,0.19463087248322147,0.029082774049217,0.1610738255033557,0.20805369127516776,0.1789709172259508
643446,"McNeil, Jeff",350,0.3657142857142857,0.6342857142857142,0.28285714285714286,0.2714285714285714,0.08,0.4857142857142857,0.29714285714285715,0.21714285714285714,0.21714285714285714,0.10571428571428572,0.04285714285714286,0.26857142857142857,0.19142857142857145,0.17428571428571427
607043,"Nimmo, Brandon",454,0.460352422907489,0.539647577092511,0.2356828193832599,0.23127753303964757,0.07268722466960352,0.3524229074889868,0.35462555066079293,0.29295154185022027,0.22026431718061673,0.17180616740088106,0.06828193832599119,0.13215859030837007,0.18281938325991187,0.22466960352422907
624413,"Alonso, Pete",471,0.37791932059447986,0.6220806794055201,0.29936305732484075,0.25477707006369427,0.06794055201698514,0.39278131634819535,0.31634819532908703,0.2908704883227176,0.20382165605095542,0.1337579617834395,0.040339702760084924,0.18895966029723993,0.18259023354564755,0.2505307855626327
683146,"Baty, Brett",288,0.5104166666666666,0.48958333333333337,0.21180555555555555,0.23958333333333334,0.03819444444444445,0.3541666666666667,0.4270833333333333,0.21875,0.2048611111111111,0.2465277777777778,0.059027777777777776,0.14930555555555558,0.18055555555555552,0.1597222222222222
621438,"Taylor, Tyrone",239,0.3305439330543933,0.6694560669456067,0.2301255230125523,0.30962343096234307,0.1297071129707113,0.4476987447698745,0.32217573221757323,0.2301255230125523,0.20502092050209206,0.1087866108786611,0.016736401673640166,0.24267782426778242,0.21338912133891214,0.21338912133891214
687363,"Scott II, Victor",300,0.44,0.56,0.25,0.24,0.07,0.3566666666666667,0.38333333333333336,0.26,0.20333333333333334,0.18333333333333332,0.05333333333333334,0.15333333333333335,0.20000000000000004,0.20666666666666667
666182,"Bichette, Bo",494,0.47368421052631576,0.5263157894736842,0.19838056680161945,0.291497975708502,0.03643724696356275,0.26720647773279355,0.42105263157894735,0.3117408906882591,0.13562753036437247,0.21052631578947367,0.12753036437246965,0.13157894736842107,0.21052631578947367,0.18421052631578946
665489,"Guerrero Jr., Vladimir",499,0.4709418837675351,0.5290581162324649,0.19839679358717435,0.27054108216432865,0.06012024048096192,0.3486973947895792,0.40080160320641284,0.250501002004008,0.20841683366733466,0.20440881763527055,0.05811623246492986,0.14028056112224452,0.1963927855711423,0.19238476953907813
676391,"Clement, Ernie",496,0.3467741935483871,0.6532258064516129,0.2862903225806452,0.2762096774193548,0.0907258064516129,0.4012096774193548,0.3649193548387097,0.23387096774193547,0.17943548387096775,0.13709677419354838,0.03024193548387097,0.22177419354838707,0.2278225806451613,0.2036290322580645
543807,"Springer, George",391,0.37595907928388744,0.6240409207161126,0.28388746803069054,0.2557544757033248,0.08439897698209718,0.3989769820971867,0.3657289002557545,0.23529411764705882,0.21227621483375958,0.12020460358056266,0.043478260869565216,0.1867007672634271,0.24552429667519182,0.1918158567774936
672386,"Kirk, Alejandro",398,0.44221105527638194,0.5577889447236181,0.2537688442211055,0.24120603015075376,0.06281407035175879,0.2814070351758794,0.41457286432160806,0.30402010050251255,0.16331658291457288,0.20100502512562815,0.07788944723618091,0.11809045226130652,0.2135678391959799,0.22613065326633164
805367,"Meidroth, Chase",382,0.5392670157068062,0.46073298429319376,0.18324607329842932,0.2198952879581152,0.05759162303664921,0.33507853403141363,0.38219895287958117,0.28272251308900526,0.22251308900523561,0.225130890052356,0.09162303664921466,0.11256544502617802,0.15706806282722516,0.19109947643979058
678246,"Vargas, Miguel",407,0.28992628992628994,0.7100737100737101,0.35135135135135137,0.25307125307125306,0.10565110565110565,0.40540540540540543,0.36117936117936117,0.2334152334152334,0.17444717444717445,0.09090909090909091,0.02457002457002457,0.23095823095823098,0.2702702702702703,0.20884520884520882
643565,"Tauchman, Mike",250,0.368,0.6320000000000001,0.296,0.272,0.064,0.384,0.384,0.232,0.188,0.132,0.048,0.196,0.252,0.184
700337,"Quero, Edgar",296,0.49324324324324326,0.5067567567567567,0.20608108108108109,0.2635135135135135,0.037162162162162164,0.27702702702702703,0.38175675675675674,0.34121621621621623,0.19932432432432431,0.21283783783783783,0.08108108108108109,0.07770270270270271,0.16891891891891891,0.26013513513513514
643217,"Benintendi, Andrew",344,0.3313953488372093,0.6686046511627907,0.3430232558139535,0.2180232558139535,0.10755813953488372,0.45930232558139533,0.311046511627907,0.22965116279069767,0.19476744186046513,0.11337209302325581,0.023255813953488372,0.2645348837209302,0.19767441860465118,0.20639534883720928
673357,"Robert Jr., Luis",274,0.38321167883211676,0.6167883211678832,0.2846715328467153,0.23357664233576642,0.09854014598540146,0.4416058394160584,0.30656934306569344,0.2518248175182482,0.24452554744525548,0.10583941605839416,0.032846715328467155,0.19708029197080293,0.2007299270072993,0.21897810218978103
514888,"Altuve, Jose",486,0.43209876543209874,0.5679012345679012,0.25102880658436216,0.19753086419753085,0.11934156378600823,0.5246913580246914,0.31275720164609055,0.16255144032921812,0.2716049382716049,0.13580246913580246,0.024691358024691357,0.25308641975308643,0.1769547325102881,0.13786008230452676
665161,"Peña, Jeremy",403,0.47890818858560796,0.5210918114143921,0.23821339950372208,0.23325062034739455,0.04962779156327544,0.4267990074441687,0.3771712158808933,0.19602977667493796,0.21588089330024815,0.21339950372208435,0.04962779156327544,0.21091811414392056,0.16377171215880895,0.14640198511166252
670623,"Paredes, Isaac",304,0.3059210526315789,0.694078947368421,0.3223684210526316,0.2565789473684211,0.11513157894736842,0.569078947368421,0.26973684210526316,0.1611842105263158,0.18421052631578946,0.08223684210526316,0.039473684210526314,0.3848684210526315,0.1875,0.12171052631578948
572233,"Walker, Christian",412,0.3737864077669903,0.6262135922330097,0.2936893203883495,0.24271844660194175,0.08980582524271845,0.4223300970873786,0.35194174757281554,0.22572815533980584,0.220873786407767,0.12135922330097088,0.03155339805825243,0.20145631067961162,0.23058252427184467,0.19417475728155342
605170,"Caratini, Victor",285,0.4280701754385965,0.5719298245614035,0.26666666666666666,0.24561403508771928,0.05964912280701754,0.3894736842105263,0.37894736842105264,0.23157894736842105,0.23157894736842105,0.14385964912280702,0.05263157894736842,0.15789473684210525,0.23508771929824562,0.17894736842105263
673237,"Diaz, Yainer",450,0.46,0.54,0.23333333333333334,0.24888888888888888,0.057777777777777775,0.36666666666666664,0.4022222222222222,0.2311111111111111,0.21333333333333335,0.19555555555555557,0.051111111111111114,0.1533333333333333,0.20666666666666664,0.18
676694,"Meyers, Jake",280,0.48928571428571427,0.5107142857142857,0.20357142857142857,0.26785714285714285,0.039285714285714285,0.3607142857142857,0.42142857142857143,0.21785714285714286,0.24642857142857144,0.19642857142857142,0.04642857142857143,0.11428571428571427,0.225,0.17142857142857143
701358,"Smith, Cam",306,0.45098039215686275,0.5490196078431372,0.22875816993464052,0.27450980392156865,0.0457516339869281,0.3562091503267974,0.3431372549019608,0.3006535947712418,0.22549019607843138,0.15359477124183007,0.0718954248366013,0.13071895424836602,0.1895424836601307,0.22875816993464052
696100,"Goodman, Hunter",390,0.38461538461538464,0.6153846153846153,0.28717948717948716,0.22564102564102564,0.10256410256410256,0.48717948717948717,0.3333333333333333,0.1794871794871795,0.23333333333333334,0.12564102564102564,0.02564102564102564,0.25384615384615383,0.20769230769230768,0.15384615384615385
593871,"Polanco, Jorge",397,0.380352644836272,0.6196473551637279,0.2871536523929471,0.22670025188916876,0.10579345088161209,0.4836272040302267,0.3123425692695214,0.2040302267002519,0.23173803526448364,0.10831234256926953,0.04030226700251889,0.2518891687657431,0.2040302267002519,0.16372795969773302
641487,"Crawford, J.P.",455,0.44395604395604393,0.5560439560439561,0.23076923076923078,0.2725274725274725,0.05274725274725275,0.3362637362637363,0.34065934065934067,0.3230769230769231,0.1824175824175824,0.16703296703296702,0.0945054945054945,0.15384615384615388,0.17362637362637365,0.2285714285714286
677594,"Rodríguez, Julio",502,0.4820717131474104,0.5179282868525896,0.25697211155378485,0.21115537848605578,0.049800796812749,0.35856573705179284,0.40836653386454186,0.23306772908366533,0.22111553784860558,0.20717131474103587,0.053784860557768925,0.13745019920318727,0.201195219123506,0.1792828685258964
668227,"Arozarena, Randy",427,0.4262295081967213,0.5737704918032787,0.2693208430913349,0.21311475409836064,0.09133489461358314,0.33021077283372363,0.4215456674473068,0.24824355971896955,0.15456674473067916,0.2224824355971897,0.04918032786885246,0.17564402810304447,0.19906323185011712,0.1990632318501171
663728,"Raleigh, Cal",411,0.25790754257907544,0.7420924574209247,0.41849148418491483,0.19464720194647203,0.12895377128953772,0.5450121654501217,0.25790754257907544,0.19708029197080293,0.16058394160583941,0.06569343065693431,0.031630170316301706,0.3844282238442822,0.19221411192214113,0.16545012165450124
553993,"Suárez, Eugenio",399,0.3208020050125313,0.6791979949874686,0.40852130325814534,0.18546365914786966,0.08521303258145363,0.47368421052631576,0.3483709273182957,0.17794486215538846,0.18796992481203006,0.12781954887218044,0.005012531328320802,0.2857142857142857,0.22055137844611528,0.17293233082706766
647304,"Naylor, Josh",465,0.45806451612903226,0.5419354838709677,0.26021505376344084,0.23010752688172043,0.05161290322580645,0.421505376344086,0.3956989247311828,0.1827956989247312,0.22580645161290322,0.18064516129032257,0.05161290322580645,0.1956989247311828,0.21505376344086022,0.13118279569892474
666971,"Gurriel Jr., Lourdes",433,0.3741339491916859,0.625866050808314,0.27251732101616627,0.2632794457274827,0.09006928406466513,0.4018475750577367,0.36027713625866054,0.23787528868360278,0.19861431870669746,0.12471131639722864,0.050808314087759814,0.20323325635103925,0.23556581986143188,0.18706697459584296
682998,"Carroll, Corbin",415,0.3566265060240964,0.6433734939759036,0.3204819277108434,0.2289156626506024,0.09397590361445783,0.42409638554216866,0.35180722891566263,0.22409638554216868,0.19518072289156627,0.13493975903614458,0.02650602409638554,0.2289156626506024,0.21686746987951805,0.19759036144578312
606466,"Marte, Ketel",400,0.4075,0.5925,0.2825,0.2175,0.0925,0.4725,0.34,0.1875,0.2375,0.14,0.03,0.235,0.2,0.1575
677950,"Thomas, Alek",321,0.5358255451713395,0.46417445482866043,0.21495327102803738,0.20249221183800623,0.04672897196261682,0.34890965732087226,0.4392523364485981,0.2118380062305296,0.2336448598130841,0.2523364485981308,0.04984423676012461,0.11526479750778815,0.1869158878504673,0.16199376947040497
672695,"Perdomo, Geraldo",533,0.3977485928705441,0.6022514071294559,0.26454033771106944,0.2551594746716698,0.0825515947467167,0.40337711069418386,0.3320825515947467,0.26454033771106944,0.2045028142589118,0.15384615384615385,0.039399624765478425,0.19887429643527205,0.17823639774859285,0.22514071294559101
672356,"Arias, Gabriel",275,0.49818181818181817,0.5018181818181818,0.21454545454545454,0.23636363636363636,0.05090909090909091,0.38181818181818183,0.37454545454545457,0.24363636363636362,0.24363636363636362,0.18181818181818182,0.07272727272727272,0.1381818181818182,0.19272727272727275,0.1709090909090909
682829,"De La Cruz, Elly",449,0.512249443207127,0.48775055679287305,0.20935412026726058,0.22717149220489977,0.051224944320712694,0.36525612472160357,0.37193763919821826,0.26280623608017817,0.267260579064588,0.1915367483296214,0.053452115812917596,0.09799554565701557,0.18040089086859687,0.20935412026726058
668715,"Steer, Spencer",383,0.3524804177545692,0.6475195822454308,0.3028720626631854,0.23759791122715404,0.10704960835509138,0.45430809399477806,0.3342036553524804,0.21148825065274152,0.195822454308094,0.13315926892950392,0.02349869451697128,0.25848563968668403,0.2010443864229765,0.18798955613577023
680574,"McLain, Matt",350,0.39714285714285713,0.6028571428571428,0.3,0.21428571428571427,0.08857142857142856,0.32,0.38285714285714284,0.29714285714285715,0.19142857142857142,0.1457142857142857,0.06,0.1285714285714286,0.23714285714285713,0.23714285714285716
700932,"Manzardo, Kyle",340,0.3029411764705882,0.6970588235294117,0.35294117647058826,0.24411764705882352,0.1,0.39705882352941174,0.34411764705882353,0.25882352941176473,0.1588235294117647,0.11764705882352941,0.026470588235294117,0.23823529411764705,0.22647058823529412,0.23235294117647062
608070,"Ramírez, José",525,0.3333333333333333,0.6666666666666666,0.29904761904761906,0.25523809523809526,0.11238095238095239,0.5161904761904762,0.30095238095238097,0.18285714285714286,0.20761904761904762,0.10095238095238095,0.024761904761904763,0.3085714285714286,0.2,0.1580952380952381
467793,"Santana, Carlos",328,0.4054878048780488,0.5945121951219512,0.2621951219512195,0.21951219512195122,0.11280487804878049,0.4878048780487805,0.34146341463414637,0.17073170731707318,0.23170731707317074,0.14634146341463414,0.027439024390243903,0.25609756097560976,0.19512195121951223,0.14329268292682928
682657,"Martínez, Angel",345,0.3855072463768116,0.6144927536231884,0.2956521739130435,0.23478260869565218,0.08405797101449275,0.4666666666666667,0.34782608695652173,0.1855072463768116,0.21159420289855072,0.14492753623188406,0.028985507246376812,0.255072463768116,0.20289855072463767,0.1565217391304348
666134,"Jones, Nolan",246,0.43089430894308944,0.5691056910569106,0.2601626016260163,0.25203252032520324,0.056910569105691054,0.35365853658536583,0.3780487804878049,0.2682926829268293,0.2032520325203252,0.16666666666666666,0.06097560975609756,0.15040650406504064,0.21138211382113822,0.20731707317073172
670770,"Friedl, TJ",473,0.42283298097251587,0.5771670190274841,0.2156448202959831,0.25792811839323465,0.10359408033826638,0.452431289640592,0.36152219873150104,0.18604651162790697,0.24312896405919662,0.1416490486257928,0.03805496828752643,0.20930232558139536,0.21987315010570824,0.14799154334038056
669224,"Wells, Austin",294,0.3299319727891156,0.6700680272108843,0.336734693877551,0.22789115646258504,0.1054421768707483,0.391156462585034,0.3129251700680272,0.29591836734693877,0.16326530612244897,0.12244897959183673,0.04421768707482993,0.22789115646258504,0.1904761904761905,0.25170068027210885
592450,"Judge, Aaron",388,0.33505154639175255,0.6649484536082475,0.38402061855670105,0.22422680412371135,0.05670103092783505,0.3634020618556701,0.3711340206185567,0.2654639175257732,0.20876288659793815,0.1056701030927835,0.020618556701030927,0.15463917525773194,0.2654639175257732,0.24484536082474226
665862,"Chisholm Jr., Jazz",319,0.3949843260188088,0.6050156739811913,0.3322884012539185,0.1786833855799373,0.09404388714733543,0.4890282131661442,0.32601880877742945,0.18495297805642633,0.2445141065830721,0.11285266457680251,0.03761755485893417,0.2445141065830721,0.21316614420062693,0.14733542319749215
693304,"Gonzales, Nick",312,0.46474358974358976,0.5352564102564102,0.22756410256410256,0.2532051282051282,0.05448717948717949,0.375,0.358974358974359,0.266025641025641,0.21474358974358973,0.1762820512820513,0.07371794871794872,0.16025641025641027,0.18269230769230768,0.1923076923076923
663647,"Hayes, Ke'Bryan",418,0.4904306220095694,0.5095693779904306,0.18421052631578946,0.24401913875598086,0.08133971291866028,0.291866028708134,0.40669856459330145,0.3014354066985646,0.20813397129186603,0.20574162679425836,0.07655502392344497,0.08373205741626796,0.20095693779904308,0.22488038277511962
669364,"Edwards, Xavier",479,0.49269311064718163,0.5073068893528183,0.20250521920668058,0.2630480167014614,0.04175365344467641,0.2881002087682672,0.407098121085595,0.3048016701461378,0.16910229645093947,0.2254697286012526,0.09812108559498957,0.11899791231732773,0.1816283924843424,0.20668058455114824
676572,"Wagaman, Eric",381,0.4409448818897638,0.5590551181102362,0.2440944881889764,0.2572178477690289,0.05774278215223097,0.3805774278215223,0.3858267716535433,0.2335958005249344,0.2047244094488189,0.1784776902887139,0.05774278215223097,0.17585301837270342,0.20734908136482938,0.17585301837270342
660821,"Sánchez, Jesús",343,0.4839650145772595,0.5160349854227406,0.22157434402332363,0.2303206997084548,0.0641399416909621,0.3965014577259475,0.3673469387755102,0.23615160349854228,0.22740524781341107,0.19825072886297376,0.05830903790087463,0.16909620991253646,0.16909620991253646,0.17784256559766765
672640,"Lopez, Otto",465,0.4860215053763441,0.513978494623656,0.23225806451612904,0.23440860215053763,0.047311827956989246,0.34408602150537637,0.4021505376344086,0.2537634408602151,0.23440860215053763,0.2,0.05161290322580645,0.10967741935483874,0.2021505376344086,0.20215053763440863
682663,"Ramírez, Agustín",428,0.45794392523364486,0.5420560747663551,0.2219626168224299,0.2383177570093458,0.08177570093457943,0.397196261682243,0.3574766355140187,0.24532710280373832,0.21261682242990654,0.18925233644859812,0.056074766355140186,0.18457943925233644,0.16822429906542058,0.18925233644859812
691594,"Sanoja, Javier",280,0.475,0.525,0.18928571428571428,0.26071428571428573,0.075,0.35,0.40714285714285714,0.24285714285714285,0.15714285714285714,0.22857142857142856,0.08928571428571429,0.19285714285714284,0.17857142857142858,0.15357142857142858
689414,"Hicks, Liam",282,0.43617021276595747,0.5638297872340426,0.2375886524822695,0.2872340425531915,0.03900709219858156,0.3723404255319149,0.37943262411347517,0.24822695035460993,0.22340425531914893,0.1702127659574468,0.0425531914893617,0.14893617021276595,0.20921985815602837,0.20567375886524822
681082,"Stott, Bryson",414,0.4106280193236715,0.5893719806763286,0.2922705314009662,0.23671497584541062,0.06038647342995169,0.2922705314009662,0.4033816425120773,0.30434782608695654,0.15217391304347827,0.178743961352657,0.07971014492753623,0.14009661835748793,0.22463768115942032,0.22463768115942032
656941,"Schwarber, Kyle",408,0.3431372549019608,0.6568627450980392,0.3431372549019608,0.22549019607843138,0.08823529411764706,0.5465686274509803,0.2818627450980392,0.1715686274509804,0.23529411764705882,0.10049019607843138,0.007352941176470588,0.3112745098039215,0.18137254901960784,0.1642156862745098
664761,"Bohm, Alec",388,0.49742268041237114,0.5025773195876289,0.20876288659793815,0.27319587628865977,0.020618556701030927,0.27319587628865977,0.4742268041237113,0.25257731958762886,0.1958762886597938,0.2422680412371134,0.059278350515463915,0.07731958762886595,0.23195876288659792,0.19329896907216493
592663,"Realmuto, J.T.",376,0.44680851063829785,0.553191489361702,0.23670212765957446,0.2579787234042553,0.05851063829787234,0.3882978723404255,0.35638297872340424,0.2553191489361702,0.2473404255319149,0.15691489361702127,0.0425531914893617,0.1409574468085106,0.19946808510638298,0.21276595744680848
607208,"Turner, Trea",484,0.4834710743801653,0.5165289256198348,0.23140495867768596,0.24173553719008264,0.04338842975206612,0.38636363636363635,0.3739669421487603,0.2396694214876033,0.22727272727272727,0.18801652892561985,0.06818181818181818,0.1590909090909091,0.18595041322314046,0.17148760330578514
592206,"Castellanos, Nick",420,0.3880952380952381,0.6119047619047618,0.30952380952380953,0.26666666666666666,0.03571428571428571,0.40476190476190477,0.3619047619047619,0.23333333333333334,0.22142857142857142,0.13333333333333333,0.03333333333333333,0.18333333333333335,0.22857142857142856,0.2
596146,"Kepler, Max",329,0.3617021276595745,0.6382978723404256,0.3282674772036474,0.23708206686930092,0.0729483282674772,0.42857142857142855,0.3556231003039514,0.21580547112462006,0.22492401215805471,0.0972644376899696,0.03951367781155015,0.20364741641337383,0.25835866261398177,0.1762917933130699
669397,"Allen, Nick",283,0.46996466431095407,0.5300353356890459,0.19081272084805653,0.24734982332155478,0.09187279151943463,0.29328621908127206,0.38869257950530034,0.31802120141342755,0.18374558303886926,0.20141342756183744,0.08480565371024736,0.1095406360424028,0.1872791519434629,0.2332155477031802
671739,"Harris II, Michael",494,0.5060728744939271,0.4939271255060729,0.2125506072874494,0.22267206477732793,0.058704453441295545,0.3582995951417004,0.402834008097166,0.2388663967611336,0.22267206477732793,0.22874493927125505,0.05465587044534413,0.13562753036437247,0.17408906882591096,0.1842105263157895
645277,"Albies, Ozzie",514,0.3715953307392996,0.6284046692607004,0.2840466926070039,0.23540856031128404,0.10894941634241245,0.4883268482490272,0.33657587548638135,0.17509727626459143,0.21595330739299612,0.11867704280155641,0.03696498054474708,0.2723735408560311,0.21789883268482493,0.13813229571984434
621566,"Olson, Matt",453,0.3973509933774834,0.6026490066225166,0.282560706401766,0.24724061810154527,0.0728476821192053,0.36644591611479027,0.3487858719646799,0.2847682119205298,0.2052980132450331,0.152317880794702,0.039735099337748346,0.16114790286975716,0.19646799116997793,0.24503311258278146
660670,"Acuña Jr., Ronald",236,0.4661016949152542,0.5338983050847458,0.2966101694915254,0.1864406779661017,0.05084745762711865,0.3559322033898305,0.4152542372881356,0.2288135593220339,0.22033898305084745,0.21610169491525424,0.029661016949152543,0.13559322033898305,0.19915254237288135,0.19915254237288135
663586,"Riley, Austin",289,0.3460207612456747,0.6539792387543252,0.328719723183391,0.2629757785467128,0.06228373702422145,0.42560553633217996,0.36678200692041524,0.20761245674740483,0.18339100346020762,0.13494809688581316,0.02768166089965398,0.24221453287197234,0.23183391003460208,0.17993079584775085
542303,"Ozuna, Marcell",350,0.40285714285714286,0.5971428571428572,0.32571428571428573,0.22285714285714286,0.04857142857142857,0.42857142857142855,0.34285714285714286,0.22857142857142856,0.23142857142857143,0.12571428571428572,0.045714285714285714,0.19714285714285712,0.21714285714285714,0.18285714285714286
686948,"Baldwin, Drake",337,0.486646884272997,0.5133531157270029,0.24925816023738873,0.2314540059347181,0.032640949554896145,0.35311572700296734,0.3827893175074184,0.26409495548961426,0.20178041543026706,0.2166172106824926,0.06824925816023739,0.15133531157270028,0.1661721068249258,0.19584569732937687
696285,"Young, Jacob",269,0.5650557620817844,0.4349442379182156,0.14869888475836432,0.241635687732342,0.04460966542750929,0.2936802973977695,0.4163568773234201,0.2899628252788104,0.2342007434944238,0.21933085501858737,0.11152416356877323,0.05947955390334572,0.1970260223048327,0.17843866171003717
663616,"Larnach, Trevor",387,0.43669250645994834,0.5633074935400516,0.25839793281653745,0.25839793281653745,0.046511627906976744,0.4005167958656331,0.3643410852713178,0.2351421188630491,0.2351421188630491,0.16279069767441862,0.03875968992248062,0.16537467700258401,0.2015503875968992,0.19638242894056845
641680,"Heim, Jonah",312,0.41346153846153844,0.5865384615384616,0.2724358974358974,0.22435897435897437,0.08974358974358974,0.40705128205128205,0.3717948717948718,0.22115384615384615,0.2403846153846154,0.1346153846153846,0.038461538461538464,0.16666666666666666,0.2371794871794872,0.18269230769230768
665926,"Giménez, Andrés",267,0.4344569288389513,0.5655430711610486,0.24719101123595505,0.26217228464419473,0.056179775280898875,0.3595505617977528,0.39325842696629215,0.24719101123595505,0.19101123595505617,0.18352059925093633,0.0599250936329588,0.16853932584269662,0.20973782771535582,0.18726591760299624
680718,"Barger, Addison",341,0.4252199413489736,0.5747800586510264,0.2287390029325513,0.24926686217008798,0.0967741935483871,0.436950146627566,0.33724340175953077,0.22580645161290322,0.22580645161290322,0.1495601173020528,0.04985337243401759,0.21114369501466276,0.18768328445747798,0.17595307917888564
680977,"Donovan, Brendan",399,0.43107769423558895,0.5689223057644109,0.22305764411027568,0.2807017543859649,0.06516290726817042,0.3483709273182957,0.38345864661654133,0.2681704260651629,0.19047619047619047,0.19548872180451127,0.045112781954887216,0.15789473684210525,0.18796992481203006,0.22305764411027568
650490,"Díaz, Yandy",496,0.5403225806451613,0.4596774193548387,0.19959677419354838,0.22379032258064516,0.036290322580645164,0.25,0.4173387096774194,0.3326612903225806,0.19153225806451613,0.2540322580645161,0.09475806451612903,0.058467741935483875,0.16330645161290325,0.2379032258064516
664040,"Lowe, Brandon",364,0.3791208791208791,0.6208791208791209,0.2967032967032967,0.25824175824175827,0.06593406593406594,0.45604395604395603,0.3076923076923077,0.23626373626373626,0.21703296703296704,0.12637362637362637,0.03571428571428571,0.239010989010989,0.18131868131868134,0.20054945054945056
666139,"Lowe, Josh",290,0.46551724137931033,0.5344827586206896,0.20344827586206896,0.27586206896551724,0.05517241379310345,0.3896551724137931,0.3448275862068966,0.2655172413793103,0.22413793103448276,0.18275862068965518,0.05862068965517241,0.16551724137931034,0.1620689655172414,0.2068965517241379
666018,"Aranda, Jonathan",266,0.37218045112781956,0.6278195488721805,0.2744360902255639,0.30451127819548873,0.04887218045112782,0.40225563909774437,0.36466165413533835,0.23308270676691728,0.16165413533834586,0.15789473684210525,0.05263157894736842,0.2406015037593985,0.2067669172932331,0.18045112781954886
663968,"Mangum, Jake",343,0.6180758017492711,0.3819241982507289,0.14285714285714285,0.20699708454810495,0.03206997084548105,0.24489795918367346,0.3935860058309038,0.36151603498542273,0.18950437317784258,0.2653061224489796,0.16326530612244897,0.055393586005830886,0.1282798833819242,0.19825072886297376
691406,"Caminero, Junior",484,0.4669421487603306,0.5330578512396694,0.25826446280991733,0.19008264462809918,0.08471074380165289,0.44421487603305787,0.365702479338843,0.19008264462809918,0.22933884297520662,0.1859504132231405,0.05165289256198347,0.21487603305785125,0.1797520661157025,0.1384297520661157
596115,"Story, Trevor",438,0.4360730593607306,0.5639269406392694,0.273972602739726,0.2054794520547945,0.08447488584474885,0.3744292237442922,0.3470319634703196,0.2785388127853881,0.22146118721461186,0.15753424657534246,0.05707762557077625,0.15296803652968036,0.18949771689497716,0.22146118721461186
665966,"Narváez, Carlos",296,0.44932432432432434,0.5506756756756757,0.28040540540540543,0.20608108108108109,0.06418918918918919,0.3581081081081081,0.34797297297297297,0.2939189189189189,0.19594594594594594,0.18243243243243243,0.07094594594594594,0.16216216216216217,0.16554054054054054,0.22297297297297297
678882,"Rafaela, Ceddanne",434,0.4400921658986175,0.5599078341013825,0.26036866359447003,0.21428571428571427,0.08525345622119816,0.37557603686635943,0.39631336405529954,0.22811059907834103,0.21428571428571427,0.17511520737327188,0.05069124423963134,0.16129032258064516,0.22119815668202766,0.1774193548387097
680776,"Duran, Jarren",455,0.4153846153846154,0.5846153846153845,0.25054945054945055,0.2549450549450549,0.07912087912087912,0.35384615384615387,0.38461538461538464,0.26153846153846155,0.2021978021978022,0.16923076923076924,0.04395604395604396,0.15164835164835166,0.2153846153846154,0.2175824175824176
646240,"Devers, Rafael",419,0.42720763723150357,0.5727923627684964,0.30071599045346065,0.22911694510739858,0.04295942720763723,0.35799522673031026,0.3794749403341289,0.26252983293556087,0.18615751789976134,0.18854415274463007,0.05250596658711217,0.1718377088305489,0.1909307875894988,0.2100238663484487
672761,"Pérez, Wenceel",262,0.366412213740458,0.633587786259542,0.31297709923664124,0.23282442748091603,0.08778625954198473,0.42366412213740456,0.33587786259541985,0.24045801526717558,0.1946564885496183,0.1450381679389313,0.026717557251908396,0.22900763358778625,0.19083969465648856,0.2137404580152672
682985,"Greene, Riley",404,0.4084158415841584,0.5915841584158417,0.31683168316831684,0.22277227722772278,0.05198019801980198,0.4084158415841584,0.3292079207920792,0.2623762376237624,0.22277227722772278,0.12871287128712872,0.05693069306930693,0.18564356435643561,0.2004950495049505,0.20544554455445546
656811,"O'Hearn, Ryan",369,0.44986449864498645,0.5501355013550135,0.25745257452574527,0.24119241192411925,0.051490514905149054,0.3604336043360434,0.3712737127371274,0.2682926829268293,0.21680216802168023,0.17615176151761516,0.056910569105691054,0.14363143631436315,0.19512195121951223,0.21138211382113822
656775,"Mullins, Cedric",324,0.32407407407407407,0.6759259259259259,0.31790123456790126,0.23148148148148148,0.12654320987654322,0.46296296296296297,0.2993827160493827,0.23765432098765432,0.16666666666666666,0.10802469135802469,0.04938271604938271,0.2962962962962963,0.19135802469135804,0.1882716049382716
701762,"Kurtz, Nick",272,0.3786764705882353,0.6213235294117646,0.3492647058823529,0.23529411764705882,0.03676470588235294,0.35294117647058826,0.3492647058823529,0.2977941176470588,0.1948529411764706,0.12867647058823528,0.05514705882352941,0.15808823529411767,0.22058823529411764,0.2426470588235294
681351,"O'Hoppe, Logan",286,0.4020979020979021,0.5979020979020979,0.2972027972027972,0.23426573426573427,0.06643356643356643,0.46153846153846156,0.3041958041958042,0.23426573426573427,0.23426573426573427,0.11888111888111888,0.04895104895104895,0.2272727272727273,0.18531468531468534,0.1853146853146853
676609,"Caballero, José",222,0.4009009009009009,0.5990990990990991,0.23873873873873874,0.26126126126126126,0.0990990990990991,0.3738738738738739,0.4189189189189189,0.2072072072072072,0.1891891891891892,0.15765765765765766,0.05405405405405406,0.18468468468468469,0.26126126126126126,0.15315315315315314
669065,"Stowers, Kyle",279,0.3870967741935484,0.6129032258064515,0.3010752688172043,0.25806451612903225,0.053763440860215055,0.44086021505376344,0.3010752688172043,0.25806451612903225,0.20430107526881722,0.13978494623655913,0.043010752688172046,0.23655913978494622,0.16129032258064518,0.2150537634408602
663886,"Stephenson, Tyler",187,0.37967914438502676,0.6203208556149733,0.3422459893048128,0.24598930481283424,0.03208556149732621,0.39572192513368987,0.3422459893048128,0.2620320855614973,0.20855614973262032,0.1443850267379679,0.026737967914438502,0.18716577540106955,0.1978609625668449,0.23529411764705882
666310,"Naylor, Bo",269,0.3159851301115242,0.6840148698884758,0.31970260223048325,0.2342007434944238,0.13011152416356878,0.4312267657992565,0.3420074349442379,0.22676579925650558,0.16356877323420074,0.10037174721189591,0.05204460966542751,0.26765799256505574,0.241635687732342,0.17472118959107807
680757,"Kwan, Steven",575,0.391304347826087,0.6086956521739131,0.2608695652173913,0.29043478260869565,0.057391304347826085,0.29739130434782607,0.38782608695652177,0.31478260869565217,0.14782608695652175,0.1565217391304348,0.08695652173913043,0.14956521739130432,0.23130434782608697,0.22782608695652173
666158,"Lux, Gavin",333,0.47147147147147145,0.5285285285285286,0.22522522522522523,0.27627627627627627,0.02702702702702703,0.39039039039039036,0.40540540540540543,0.2042042042042042,0.21921921921921922,0.2072072072072072,0.04504504504504504,0.17117117117117114,0.19819819819819823,0.15915915915915918
669016,"Marsh, Brandon",276,0.4166666666666667,0.5833333333333333,0.2608695652173913,0.27898550724637683,0.043478260869565216,0.37681159420289856,0.35144927536231885,0.2717391304347826,0.21014492753623187,0.15579710144927536,0.050724637681159424,0.16666666666666669,0.1956521739130435,0.22101449275362317
805779,"Wilson, Jacob",450,0.5333333333333333,0.4666666666666667,0.1711111111111111,0.24222222222222223,0.05333333333333334,0.34,0.4088888888888889,0.2511111111111111,0.2,0.24888888888888888,0.08444444444444445,0.14,0.16000000000000003,0.16666666666666669
664770,"Lukes, Nathan",338,0.46745562130177515,0.5325443786982249,0.23372781065088757,0.22781065088757396,0.07100591715976332,0.3165680473372781,0.39644970414201186,0.2869822485207101,0.17455621301775148,0.19822485207100593,0.09467455621301775,0.14201183431952663,0.19822485207100593,0.19230769230769235
663853,"Gonzalez, Romy",239,0.502092050209205,0.497907949790795,0.21338912133891214,0.26359832635983266,0.02092050209205021,0.3179916317991632,0.3891213389121339,0.2928870292887029,0.21338912133891214,0.21338912133891214,0.07531380753138076,0.10460251046025104,0.17573221757322177,0.21757322175732216
656305,"Chapman, Matt",332,0.4036144578313253,0.5963855421686747,0.2469879518072289,0.22289156626506024,0.12650602409638553,0.43373493975903615,0.3373493975903614,0.2289156626506024,0.23493975903614459,0.13253012048192772,0.03614457831325301,0.19879518072289157,0.2048192771084337,0.19277108433734938
643289,"Dubón, Mauricio",331,0.4259818731117825,0.5740181268882175,0.2598187311178248,0.2054380664652568,0.10876132930513595,0.33534743202416917,0.36253776435045315,0.3021148036253776,0.1540785498489426,0.1933534743202417,0.07854984894259819,0.18126888217522658,0.16918429003021146,0.22356495468277943
677800,"Abreu, Wilyer",276,0.31521739130434784,0.6847826086956522,0.39855072463768115,0.18115942028985507,0.10507246376811594,0.43478260869565216,0.31521739130434784,0.25,0.17753623188405798,0.10869565217391304,0.028985507246376812,0.2572463768115942,0.2065217391304348,0.2210144927536232
578428,"Iglesias, Jose",256,0.59375,0.40625,0.15234375,0.203125,0.05078125,0.265625,0.3984375,0.3359375,0.16796875,0.25390625,0.171875,0.09765625,0.14453125,0.1640625
672275,"Bailey, Patrick",286,0.38461538461538464,0.6153846153846154,0.2972027972027972,0.23776223776223776,0.08041958041958042,0.3321678321678322,0.4125874125874126,0.25524475524475526,0.16083916083916083,0.18181818181818182,0.04195804195804196,0.17132867132867136,0.23076923076923078,0.2132867132867133
682177,"Schneemann, Daniel",264,0.4696969696969697,0.5303030303030303,0.26515151515151514,0.20454545454545456,0.06060606060606061,0.42803030303030304,0.3446969696969697,0.22727272727272727,0.2803030303030303,0.1553030303030303,0.03409090909090909,0.14772727272727276,0.18939393939393942,0.19318181818181818
669127,"Langeliers, Shea",383,0.3733681462140992,0.6266318537859008,0.2898172323759791,0.25326370757180156,0.0835509138381201,0.40992167101827676,0.37597911227154046,0.21409921671018275,0.1906005221932115,0.15404699738903394,0.028720626631853787,0.21932114882506526,0.22193211488250653,0.18537859007832896
547180,"Harper, Bryce",383,0.4360313315926893,0.5639686684073106,0.2845953002610966,0.2558746736292428,0.02349869451697128,0.3629242819843342,0.370757180156658,0.26631853785900783,0.2010443864229765,0.1618798955613577,0.0731070496083551,0.16187989556135768,0.20887728459530028,0.19321148825065274
695734,"Lile, Daylen",269,0.3643122676579926,0.6356877323420074,0.24535315985130113,0.32342007434944237,0.06691449814126393,0.3940520446096654,0.34944237918215615,0.25650557620817843,0.19330855018587362,0.137546468401487,0.03345724907063197,0.2007434944237918,0.21189591078066916,0.22304832713754646
678662,"Tovar, Ezequiel",270,0.35555555555555557,0.6444444444444445,0.2740740740740741,0.3148148148148148,0.05555555555555555,0.3814814814814815,0.32222222222222224,0.2962962962962963,0.2037037037037037,0.10740740740740741,0.044444444444444446,0.17777777777777778,0.21481481481481485,0.2518518518518518
672820,"Sosa, Lenyn",395,0.32151898734177214,0.6784810126582279,0.29620253164556964,0.2911392405063291,0.09113924050632911,0.3620253164556962,0.379746835443038,0.2582278481012658,0.1620253164556962,0.1291139240506329,0.030379746835443037,0.19999999999999998,0.25063291139240507,0.22784810126582278
668901,"Vientos, Mark",313,0.41533546325878595,0.584664536741214,0.2715654952076677,0.24920127795527156,0.06389776357827476,0.3769968051118211,0.38977635782747605,0.23322683706070288,0.21405750798722045,0.17252396166134185,0.02875399361022364,0.16293929712460065,0.2172523961661342,0.20447284345047922
609280,"Andujar, Miguel",274,0.46715328467153283,0.5328467153284672,0.21897810218978103,0.23357664233576642,0.08029197080291971,0.33211678832116787,0.4562043795620438,0.2116788321167883,0.17883211678832117,0.23357664233576642,0.05474452554744526,0.1532846715328467,0.22262773722627738,0.15693430656934304
663624,"Mountcastle, Ryan",240,0.4583333333333333,0.5416666666666666,0.22916666666666666,0.2791666666666667,0.03333333333333333,0.38333333333333336,0.30416666666666664,0.3125,0.2375,0.14166666666666666,0.07916666666666666,0.14583333333333337,0.16249999999999998,0.23333333333333334
802415,"Simpson, Chandler",376,0.6037234042553191,0.3962765957446809,0.08776595744680851,0.2765957446808511,0.031914893617021274,0.26063829787234044,0.45478723404255317,0.2845744680851064,0.19946808510638298,0.27393617021276595,0.13031914893617022,0.061170212765957466,0.18085106382978722,0.15425531914893617
669720,"Hays, Austin",279,0.4157706093189964,0.5842293906810035,0.2831541218637993,0.24372759856630824,0.05734767025089606,0.46953405017921146,0.34050179211469533,0.18996415770609318,0.24014336917562723,0.15412186379928317,0.021505376344086023,0.22939068100358423,0.18637992831541217,0.16845878136200715
691023,"Walker, Jordan",238,0.47478991596638653,0.5252100840336135,0.22268907563025211,0.21008403361344538,0.09243697478991597,0.35294117647058826,0.4495798319327731,0.19747899159663865,0.23949579831932774,0.18907563025210083,0.046218487394957986,0.11344537815126052,0.2605042016806723,0.15126050420168066
682622,"Marte, Noelvi",256,0.45703125,0.54296875,0.25390625,0.21484375,0.07421875,0.4453125,0.3203125,0.234375,0.26953125,0.14453125,0.04296875,0.17578125,0.17578125,0.19140625
595777,"Profar, Jurickson",259,0.36293436293436293,0.637065637065637,0.3127413127413127,0.19305019305019305,0.13127413127413126,0.444015444015444,0.305019305019305,0.25096525096525096,0.2084942084942085,0.10424710424710425,0.05019305019305019,0.23552123552123552,0.20077220077220076,0.20077220077220076
683734,"Vaughn, Andrew",333,0.4174174174174174,0.5825825825825826,0.2702702702702703,0.25225225225225223,0.06006006006006006,0.37537537537537535,0.3813813813813814,0.24324324324324326,0.19519519519519518,0.18018018018018017,0.042042042042042045,0.18018018018018017,0.20120120120120122,0.20120120120120122
608324,"Bregman, Alex",365,0.38904109589041097,0.6109589041095891,0.26575342465753427,0.2328767123287671,0.11232876712328767,0.46301369863013697,0.36164383561643837,0.17534246575342466,0.2191780821917808,0.13424657534246576,0.03561643835616438,0.24383561643835616,0.2273972602739726,0.13972602739726028
677587,"Rocchio, Brayan",276,0.4528985507246377,0.5471014492753624,0.2463768115942029,0.26811594202898553,0.03260869565217391,0.4492753623188406,0.34057971014492755,0.21014492753623187,0.2427536231884058,0.15942028985507245,0.050724637681159424,0.20652173913043478,0.1811594202898551,0.15942028985507245