"name","id","total_runs","inf_of_runs","range_runs","arm_runs","dp_runs","catching_runs","framing_runs","throwing_runs","blocking_runs","outs_total","outs_2","outs_3","outs_4","outs_5","outs_6","outs_7","outs_8","outs_9"
"Bailey, Patrick",672275,28.371336662624312,,,,,28.371336662624312,22.499853592799195,6.2354976144960155,-0.3640145446709249,2724,2724,0,0,0,0,0,0,0
"Kirk, Alejandro",672386,17.46403551621298,,,,,17.46403551621298,11.864454833482167,4.854024666148485,0.7455560165823292,2298,2298,0,0,0,0,0,0,0
"Young, Jacob",696285,16.59922580835014,16.59922580835014,18.18169494292921,-1.5824691345790634,,,,,,3755,0,0,0,0,0,0,3755,0
"Giménez, Andrés",665926,16.45036316119347,16.45036316119347,13.93962611231691,-0.05536113742908634,2.5660981863056387,,,,,3993,0,0,3993,0,0,0,0,0
"Crow-Armstrong, Pete",691718,15.629763914444892,15.629763914444892,11.916413816221242,3.713350098223653,,,,,,2897,0,0,0,0,0,0,2897,0
"Tovar, Ezequiel",678662,15.509353514536574,15.509353514536574,11.070301994896582,0.00884556241448517,4.430205957225507,,,,,4127,0,0,0,0,4127,0,0,0
"Varsho, Daulton",662139,15.354352444607095,15.354352444607095,13.002105178609483,2.3522472659976064,,,,,,3256,0,0,0,0,0,1213,2016,27
"Raleigh, Cal",663728,15.112300018097221,,,,,15.112300018097221,12.742531656186387,2.785622327756058,-0.41585396584522205,3366,3366,0,0,0,0,0,0,0
"Siri, Jose",642350,14.690698328144553,14.690698328144553,14.201824829307142,0.4888734988374097,,,,,,3149,0,3,0,0,0,0,3146,0
"Doyle, Brenton",686668,14.35938621376945,14.35938621376945,12.944642019495234,1.4147441942742174,,,,,,3728,0,0,0,0,0,0,3728,0
"Semien, Marcus",543760,14.147729267367248,14.147729267367248,14.180408094473997,-0.0009543816178097489,-0.03172444548893892,,,,,4148,0,0,4148,0,0,0,0,0
"Lindor, Francisco",596019,14.042064536937291,14.042064536937291,12.007447641328273,0.060234298628646654,1.9743825969803672,,,,,3935,0,0,0,0,3935,0,0,0
"Siani, Michael",672279,12.70160288643434,12.70160288643434,14.156000491507177,-1.4543976050728424,,,,,,2632,0,0,0,0,0,54,2515,63
"Swanson, Dansby",621020,12.335385197457654,12.335385197457654,12.99844453733154,0.03025388328261967,-0.6933132231565023,,,,,3820,0,0,0,0,3820,0,0,0
"Wells, Austin",669224,11.794880691370858,,,,,11.794880691370858,10.86348558313079,-0.13193983169837475,1.0633349399384437,2617,2617,0,0,0,0,0,0,0
"Witt Jr., Bobby",677951,11.407148382306291,11.407148382306291,11.432056221285567,0.347509481831805,-0.3724173208110837,,,,,4181,0,0,0,0,4181,0,0,0
"Duran, Jarren",680776,11.248639923229616,11.248639923229616,9.155368371796095,2.0932715514335167,,,,,,4264,0,0,0,0,0,1833,2431,0
"Rogers, Jake",668670,11.227318860983042,,,,,11.227318860983042,8.756761718338733,0.45082089226682875,2.0197362503774916,2283,2283,0,0,0,0,0,0,0
"Santana, Carlos",467793,11.075937097778974,11.075937097778974,10.818528020777876,,0.25740907700109944,,,,,3750,0,3750,0,0,0,0,0,0
"Meyers, Jake",676694,11.074112041420346,11.074112041420346,12.111190064125749,-1.0370780227054042,,,,,,3435,0,0,0,0,0,3,3432,0
"Taylor, Michael A.",572191,10.969043959499816,10.969043959499816,9.298391605730629,1.670652353769183,,,,,,2207,0,0,0,0,0,33,2174,0
"Rojas, Johan",679032,10.519089350195738,10.519089350195738,7.005139307538262,3.5139500426574823,,,,,,2710,0,0,0,0,0,0,2710,0
"Naylor, Bo",666310,10.212279995336411,,,,,10.212279995336411,10.543532053996424,-0.9910432260691717,0.6597911674091621,2698,2698,0,0,0,0,0,0,0
"Walker, Christian",572233,10.17305416673244,10.17305416673244,9.826525243592107,0.0737285831818469,0.2728003399584894,,,,,3313,0,3313,0,0,0,0,0,0
"Merrill, Jackson",701538,10.052193892167063,10.052193892167063,10.34199996717214,-0.28980607500507893,,,,,,3970,0,0,0,0,0,0,3970,0
"Kiermaier, Kevin",595281,9.763799892044707,9.763799892044707,9.276921284138808,0.48687860790589166,,,,,,2167,0,0,0,0,0,0,2164,3
"Trevino, Jose",624431,9.737198573931952,,,,,9.737198573931952,11.290549297782682,-3.265833927853975,1.712483204003238,1639,1633,0,0,0,0,0,0,0
"Bader, Harrison",664056,9.325218195306467,9.325218195306467,8.310781427353199,1.014436767953266,,,,,,3076,0,0,0,0,0,0,3076,0
"Ortiz, Joey",687401,9.252970772288059,9.252970772288059,8.152735489078978,0.0847836825235985,1.0154516006854835,,,,,3492,0,0,93,3295,104,0,0,0
"Chapman, Matt",656305,9.247557401694435,9.247557401694435,8.211025257379081,,1.0365321443153488,,,,,4014,0,0,0,4014,0,0,0,0
"Hoerner, Nico",663538,9.173316669335213,9.173316669335213,7.788795745021518,0.33558028468696727,1.0489406396267207,,,,,3922,0,0,3703,0,219,0,0,0
"Rojas, Miguel",500743,9.02444700796069,9.02444700796069,9.107460862673731,,-0.08301385471304029,,,,,2271,0,3,285,192,1788,0,0,0
"Abreu, Wilyer",677800,8.989260530797006,8.989260530797006,5.756960650161726,3.2322998806352805,,,,,,2881,0,0,0,0,0,111,6,2764
"Cowser, Colton",681297,8.883340958226599,8.883340958226599,8.758312280536403,0.12502867769019035,,,,,,3578,0,0,0,0,0,2429,930,219
"De La Cruz, Elly",682829,8.75237224249459,8.75237224249459,10.669843304796084,0.19992952058930252,-2.117400582890798,,,,,4173,0,0,0,0,4173,0,0,0
"Estrada, Thairo",642731,8.699196185900547,8.699196185900547,6.484183842050155,-0.03397307634569672,2.248985420196089,,,,,2435,0,0,2435,0,0,0,0,0
"Perkins, Blake",663368,8.621707777411492,8.621707777411492,8.604306184702773,0.017401592708720003,,,,,,2869,0,0,0,0,0,0,2869,0
"Perez, Salvador",521692,8.404659390208414,3.314539318699343,3.31897035729136,,-0.0044310385920169615,5.090120071509068,4.916855198312812,0.6810484167669703,-0.5077835435707182,3472,2295,1177,0,0,0,0,0,0
"Lopez, Otto",672640,8.386451855773359,8.386451855773359,10.253956639118393,0.16318881636545104,-2.0306935997104816,,,,,2848,0,0,2551,111,156,21,9,0
"Rodríguez, Julio",677594,8.186985216923837,8.186985216923837,7.455037574211224,0.7319476427126124,,,,,,3400,0,0,0,0,0,0,3400,0
"Volpe, Anthony",683011,8.11213128117359,8.11213128117359,10.475780223405083,-0.4285681379914524,-1.9350808042400338,,,,,4250,0,0,0,0,4250,0,0,0
"Clement, Ernie",676391,7.821709276805726,7.821709276805726,5.53574545041126,-0.19175623318853052,2.4777200595829982,,,,,2998,0,0,63,1983,943,6,0,0
"Bregman, Alex",608324,7.775139695049277,7.775139695049277,5.691427494097144,0.7180401686237056,1.3656720323284248,,,,,3704,0,0,0,3704,0,0,0,0
"Marte, Ketel",606466,7.753055307009783,7.753055307009783,5.903324052186761,0.22952246321902847,1.6202087916039958,,,,,2792,0,0,2789,0,3,0,0,0
"Harris II, Michael",671739,7.610915868823872,7.610915868823872,6.5642402959382915,1.0466755728855737,,,,,,2882,0,0,0,0,0,0,2882,0
"Hampson, Garrett",641658,7.55330206581098,7.55330206581098,6.785750863153945,0.32468350045049144,0.4428677022065429,,,,,1702,0,48,295,27,33,275,940,81
"DeLuca, Jonny",676356,7.548607636069809,7.548607636069809,6.266237909724402,1.2823697263453975,,,,,,2382,0,0,0,0,0,270,962,1150
"Isbel, Kyle",664728,7.2643999202421865,7.2643999202421865,8.0807123054353,-0.816312385193114,,,,,,3139,0,0,0,0,0,0,3139,0
"Arenado, Nolan",571448,7.130873277778232,7.130873277778232,7.3003481380142174,,-0.1694748602359879,,,,,3805,0,0,0,3805,0,0,0,0
"Kwan, Steven",680757,6.926973675152544,6.926973675152544,2.9460613428430493,3.980912332309493,,,,,,2970,0,0,0,0,0,2970,0,0
"Vázquez, Christian",543877,6.883274129197581,-0.5975325096708207,-0.5975325096708207,,,7.480806638868401,8.764545661739199,-1.9453340142897706,0.6615949914189831,2194,2157,3,0,34,0,0,0,0
"Fermin, Freddy",666023,6.854584540420549,,,,,6.854584540420549,-0.1880267844266726,4.75254429634612,2.290067028501103,1989,1989,0,0,0,0,0,0,0
"Rocchio, Brayan",677587,6.8165140162887905,6.8165140162887905,3.69682924651417,0.000239009182041604,3.119445760592577,,,,,3306,0,0,0,0,3306,0,0,0
"Caballero, José",676609,6.612206042694187,6.612206042694187,5.272321451787834,0.19066362323182187,1.1492209676745349,,,,,3316,0,0,525,651,2140,0,0,0
"Newman, Kevin",621028,6.570169842571913,6.570169842571913,4.689196218714823,,1.8809736238570915,,,,,2263,0,66,854,50,1284,9,0,0
"Chourio, Jackson",694192,6.561911490608087,6.561911490608087,5.194113643242222,1.3677978473658605,,,,,,3621,0,0,0,0,0,2171,0,1450
"Dubón, Mauricio",643289,6.4218512308387385,6.4218512308387385,8.590530967754988,-1.5205807762071426,-0.6480989607091148,,,,,2953,0,279,414,226,96,1215,459,264
"Winn, Masyn",691026,6.419777954121873,6.419777954121873,2.2067187712948564,1.0218053008837078,3.191253881943302,,,,,3856,0,0,0,0,3856,0,0,0
"Hayes, Ke'Bryan",663647,6.3350195474326005,6.3350195474326005,4.492654120445846,,1.842365426986753,,,,,2489,0,0,0,2489,0,0,0,0
"Meadows, Parker",678009,6.2058672928506216,6.2058672928506216,5.762219824513555,0.44364746833706453,,,,,,1980,0,0,0,0,0,0,1980,0
"Kelly, Carson",608348,6.134285049256688,,,,,6.134285049256688,2.5362339568596863,2.8063085595256583,0.7917425328713429,2018,2018,0,0,0,0,0,0,0
"Ahmed, Nick",605113,6.0843891895335105,6.0843891895335105,6.58428780125758,,-0.49989861172406824,,,,,1690,0,0,27,0,1663,0,0,0
"Rojas, Josh",668942,5.990243873615475,5.990243873615475,6.874319381482935,-0.34397902397574154,-0.5400964838917192,,,,,3151,0,3,198,2857,0,87,0,0
"Carroll, Corbin",682998,5.971039677886296,5.971039677886296,9.360266685627975,-3.389227007741681,,,,,,3951,0,0,0,0,0,0,2016,1935
"Frelick, Sal",686217,5.94317613468129,5.94317613468129,5.2073599696468955,0.735816165034395,,,,,,3396,0,0,0,12,0,552,504,2328
"McMahon, Ryan",641857,5.675565402998005,5.675565402998005,5.412146875675684,0.2470753136504128,0.01634321367190651,,,,,3920,0,0,0,3920,0,0,0,0
"Moreno, Gabriel",672515,5.200783871757181,,,,,5.200783871757181,2.2993248125293992,2.651091783119916,0.25036727610786663,2196,2196,0,0,0,0,0,0,0
"Caratini, Victor",605170,5.194907284472024,0.5486071940689413,0.2014886539558128,,0.34711854011312854,4.646300090403086,2.6700194662669334,1.0975844461387598,0.8786961779973927,1668,1440,228,0,0,0,0,0,0
"Langford, Wyatt",694671,5.06340908891229,5.06340908891229,2.498504451998045,2.564904636914246,,,,,,2783,0,0,0,0,0,2498,285,0
"Taveras, Leody",665750,5.045115441718088,5.045115441718088,3.912740725622583,1.1323747160955064,,,,,,3681,0,0,0,0,0,0,3681,0
"Lowe, Nathaniel",663993,4.944802918689248,4.944802918689248,5.245464634616568,,-0.30066171592732105,,,,,3581,0,3581,0,0,0,0,0,0
"Chisholm Jr., Jazz",665862,4.93198143419816,4.93198143419816,4.653973449113303,0.8602222820390595,-0.5822142969542052,,,,,3755,0,0,66,1201,0,0,2488,0
"Harper, Bryce",547180,4.893543404265531,4.893543404265531,5.659747519882986,,-0.7662041156174557,,,,,3700,0,3700,0,0,0,0,0,0
"McCarthy, Jake",664983,4.864111324773218,4.864111324773218,4.81277791635903,0.051333408414185565,,,,,,3185,0,0,0,0,0,492,1498,1195
"Turang, Brice",668930,4.8411102496296845,4.8411102496296845,4.184260084229075,0.05261213668058738,0.6042380287200202,,,,,3833,0,0,3833,0,0,0,0,0
"Wisely, Brett",689172,4.4361618687587345,4.4361618687587345,4.070006673931234,0.034832079272776525,0.3313231155547217,,,,,1880,0,6,1006,63,799,0,6,0
"Ward, Taylor",621493,4.3623948100966015,4.3623948100966015,3.8508572730061768,0.5115375370904232,,,,,,3723,0,0,0,0,0,3723,0,0
"Fortes, Nick",663743,4.32028539607906,,,,,4.32028539607906,1.2148005316896944,1.1027426376115073,2.002742226777859,2592,2592,0,0,0,0,0,0,0
"Buxton, Byron",621439,4.307791098005087,4.307791098005087,3.0941420480390387,1.213649049966047,,,,,,2301,0,0,0,0,0,0,2301,0
"Rutschman, Adley",668939,4.265381205343373,,,,,4.265381205343373,1.3178320598450795,0.47642395955621447,2.4711251859420766,2647,2647,0,0,0,0,0,0,0
"Sosa, Edmundo",624641,4.220816228249455,4.220816228249455,4.15639679471565,0.27202479427290277,-0.20760536073909913,,,,,1886,0,0,424,398,1064,0,0,0
"Farmer, Kyle",571657,4.202272965453989,4.202272965453989,3.604794402414587,0.21326755836812947,0.38421100467127145,,,,,1695,0,9,1091,426,157,0,0,0
"Correa, Carlos",621043,4.084346828393984,4.084346828393984,3.344187322973085,0.24290823652528065,0.4972512688956194,,,,,2137,0,0,0,0,2137,0,0,0
"Olson, Matt",621566,3.9821321257432194,3.9821321257432194,3.2116470603918645,,0.7704850653513561,,,,,4330,0,4330,0,0,0,0,0,0
"Díaz, Elias",553869,3.9365652881268507,,,,,3.9365652881268507,2.229513914754944,2.3281495762684576,-0.6210982028965514,1813,1813,0,0,0,0,0,0,0
"Kiner-Falefa, Isiah",643396,3.7188830063241767,3.7188830063241767,2.7493399397078133,0.24209237403947614,0.7274506925768838,,,,,3189,0,0,1128,1062,990,0,3,0
"Kim, Ha-Seong",673490,3.7080123608648874,3.7080123608648874,2.7298186183055098,0.000036034669959475755,0.9781577078894186,,,,,3140,0,0,0,0,3140,0,0,0
"García Jr., Luis",671277,3.3864658694643235,3.3864658694643235,3.8616857594965226,0.1451693554919007,-0.6203892455240995,,,,,3258,0,0,3258,0,0,0,0,0
"Urshela, Gio",570482,3.3369333563838905,3.3369333563838905,3.2309420237717728,,0.10599133261211667,,,,,3115,0,405,0,2707,3,0,0,0
"Suárez, Eugenio",553993,3.2664960614486827,3.2664960614486827,2.1988199429321655,,1.0676761185165178,,,,,4085,0,0,0,4085,0,0,0,0
"LeMahieu, DJ",518934,3.192677744373529,3.192677744373529,3.37242131891752,,-0.17974357454399176,,,,,1534,0,647,0,887,0,0,0,0
"Arcia, Orlando",606115,3.1835451241811237,3.1835451241811237,3.043513475969995,-0.07132549137981607,0.21135713959094574,,,,,4144,0,0,0,0,4144,0,0,0
"Seager, Corey",608369,3.159149303556906,3.159149303556906,4.0132762363890855,-0.0010728508718402848,-0.8530540819603394,,,,,2878,0,0,0,0,2878,0,0,0
"McKinstry, Zach",656716,2.985268737390867,2.985268737390867,2.2857978575912297,0.1234839723959057,0.5759869074037351,,,,,2182,0,0,312,542,950,245,0,127
"Kepler, Max",596146,2.962105443778196,2.962105443778196,4.015947632148998,-1.053842188370803,,,,,,2419,0,0,0,0,0,0,0,2419
"Duran, Ezequiel",677649,2.8598272397454565,2.8598272397454565,2.014800241260356,1.0646557388497395,-0.2196287403646405,,,,,1659,0,297,69,687,159,399,3,45
"Triolo, Jared",669707,2.6345705083402526,2.6345705083402526,2.21997872127871,-0.03097138432724604,0.44556317138878915,,,,,3032,0,123,1124,1581,198,0,0,6
"Verdugo, Alex",657077,2.5678501282302744,2.5678501282302744,-0.8066455815795696,3.3744957098098403,,,,,,3926,0,0,0,0,0,3661,46,219
"Contreras, William",661388,2.5206441625632126,,,,,2.5206441625632126,3.0501484349177104,-0.15386437418322113,-0.3756398981712761,3180,3180,0,0,0,0,0,0,0
"Perdomo, Geraldo",672695,2.4498047866763577,2.4498047866763577,-0.848998001141634,0.27137419902494114,3.0274285887930517,,,,,2548,0,0,0,0,2548,0,0,0
"Ramírez, José",608070,2.3632914419364863,2.3632914419364863,2.0206667615783416,,0.3426246803581442,,,,,3324,0,0,0,3324,0,0,0,0
"Greene, Riley",682985,2.2747001680063983,2.2747001680063983,2.2906706533738856,-0.01597048536748928,,,,,,2745,0,0,0,0,0,2102,571,72
"Bohm, Alec",664761,2.2119752930672694,2.2119752930672694,4.367373465467917,,-2.1553981724006492,,,,,3610,0,322,0,3288,0,0,0,0
"Alvarez, Francisco",682626,2.176268365080001,,,,,2.176268365080001,7.131887211431313,0.11900491453896025,-5.07462376089027,2178,2178,0,0,0,0,0,0,0
"Tatis Jr., Fernando",665487,2.144570797168972,2.144570797168972,-0.46422960455447243,2.6088004017234443,,,,,,2468,0,0,0,0,0,0,0,2468
"Gallo, Joey",608336,2.116736287778896,2.116736287778896,2.569749631829962,-0.13345154679541177,-0.3195617972556547,,,,,1664,0,1433,0,0,0,10,0,221
"Garcia, Maikel",672580,2.10265909707834,2.10265909707834,1.269165617234707,0.02594463518140273,0.8075488446622314,,,,,3810,0,0,734,3004,67,0,0,5
"Hernández, Enrique",571771,2.0730979518808565,2.0730979518808565,0.8536828581939179,-0.30822846682250393,1.5276435605094416,,,,,2643,0,288,153,1587,179,261,162,0
"Lopez, Nicky",670032,2.0325045792580156,2.0325045792580156,3.7859736522185328,,-1.7534690729605185,,,,,2955,0,0,1921,0,1034,0,0,0
"Iglesias, Jose",578428,2.0139944113103043,2.0139944113103043,1.5414254352081203,,0.47256897610218457,,,,,1875,0,0,1431,390,54,0,0,0
"Tucker, Kyle",663656,2.0114958290838274,2.0114958290838274,1.6632166973661409,0.348279131717687,,,,,,1778,0,0,0,0,0,0,0,1778
"McCormick, Chas",676801,2.006019321506443,2.006019321506443,4.543723508899943,-2.537704187393499,,,,,,1938,0,0,0,0,0,914,291,733
"Loperfido, Joey",694388,1.995604745191544,1.995604745191544,0.041730487409194834,1.9538742577823485,,,,,,1814,0,9,0,0,0,1085,441,279
"Fletcher, Dominic",666150,1.9944973881252366,1.9944973881252366,1.640885146792315,0.35361224133292135,,,,,,1703,0,0,0,0,0,24,649,1030
"Marsh, Brandon",669016,1.904152599525919,1.904152599525919,-0.8183331341603208,2.7224857336862383,,,,,,3116,0,0,0,0,0,2052,959,105
"Horwitz, Spencer",687462,1.8335180171313827,1.8335180171313827,1.306250321305492,,0.5272676958258908,,,,,1766,0,902,864,0,0,0,0,0
"Robles, Victor",645302,1.8238473830773245,1.8238473830773245,0.5223097551068526,1.301537627970473,,,,,,1850,0,0,0,0,0,309,796,745
"DeJong, Paul",657557,1.7999472360434166,1.7999472360434166,2.6594936097216886,-0.10196897666252569,-0.7575773970157458,,,,,3175,0,0,0,985,2190,0,0,0
"Massey, Michael",686681,1.7407931719059693,1.7407931719059693,1.998843253306075,0.07269273712293908,-0.330742818523044,,,,,1870,0,0,1870,0,0,0,0,0
"Taylor, Tyrone",621438,1.7091283561206232,1.7091283561206232,2.475298349642717,-0.7661699935220967,,,,,,2263,0,0,0,0,0,361,819,1083
"Naylor, Josh",647304,1.6984279227166246,1.6984279227166246,0.9352263772052781,,0.7632015455113461,,,,,3615,0,3615,0,0,0,0,0,0
"Gelof, Zack",680869,1.6907575988898986,1.6907575988898986,1.3555414386618359,-0.21545137706520842,0.5506675372932736,,,,,3629,0,0,3629,0,0,0,0,0
"Fairchild, Stuart",656413,1.651003272321163,1.651003272321163,3.6753605612922056,-2.0243572889710446,,,,,,1578,0,0,0,0,0,58,1121,399
"Rizzo, Anthony",519203,1.6177420156622238,1.6177420156622238,0.7264451196088052,0.21843652778303704,0.6728603682703805,,,,,2405,0,2405,0,0,0,0,0,0
"Rortvedt, Ben",666163,1.4381255666155583,,,,,1.4381255666155583,2.282396055637435,-1.7456452795230124,0.9013747905011399,2346,2340,0,0,0,0,0,0,0
"Donovan, Brendan",680977,1.4300090673434471,1.4300090673434471,3.405085859511477,-2.128862811246021,0.15378601907799028,,,,,3876,0,0,1264,158,0,2451,0,3
"Schneider, Davis",676914,1.3531502954626615,1.3531502954626615,0.018867929617212453,0.9728927754580488,0.3613895903874021,,,,,2882,0,0,978,0,0,1904,0,0
"Crawford, J.P.",641487,1.2999258619934113,1.2999258619934113,0.5727948211691303,0.39674096369279943,0.3303900771314826,,,,,2684,0,0,0,0,2684,0,0,0
"Rafaela, Ceddanne",678882,1.2991253352330558,1.2991253352330558,-0.3539289417962045,1.892916606176615,-0.23986232914735917,,,,,4000,0,0,135,21,1941,0,1894,9
"O'Hoppe, Logan",681351,1.2859154894813745,,,,,1.2859154894813745,1.0690565386292885,-0.048200696425640566,0.2650596472777302,3193,3193,0,0,0,0,0,0,0
"Gonzales, Nick",693304,1.2476000434359,1.2476000434359,1.343762283997002,,-0.09616224056110377,,,,,2419,0,0,2203,30,186,0,0,0
"Smith, Dominic",642086,1.1968534950073162,1.1968534950073162,1.321503392011315,0.005952062781397703,-0.13060195978539696,,,,,1848,0,1839,0,0,0,0,0,0
"Mullins, Cedric",656775,1.1642009971116656,1.1642009971116656,1.7652949429476248,-0.6010939458359607,,,,,,3270,0,0,0,0,0,0,3270,0
"Sánchez, Jesús",660821,1.1483593438504545,1.1483593438504545,1.9680298704552908,-0.8196705266048372,,,,,,2803,0,0,0,0,0,180,0,2623
"Pasquantino, Vinnie",686469,1.1459268648583312,1.1459268648583312,1.4385318735329664,,-0.2926050086746346,,,,,2679,0,2679,0,0,0,0,0,0
"Grandal, Yasmani",518735,1.138235312986903,0.2717367435051649,0.27138345148207943,0.0003532920230854944,,0.866498569481738,6.474696313797477,-6.173360431905473,0.5651626875897326,1690,1681,9,0,0,0,0,0,0
"Pages, Andy",681624,1.0812455543118065,1.0812455543118065,0.6448948888721757,0.43635066543963147,,,,,,2801,0,0,0,0,0,114,1998,689
"Pillar, Kevin",607680,1.0795526868251983,1.0795526868251983,-0.24535307156482117,1.3249057583900195,,,,,,1823,0,0,0,0,0,404,1059,360
"Heyward, Jason",518792,1.0103917112597904,1.0103917112597904,2.345512359866596,-1.3351206486068088,,,,,,1740,0,0,0,0,0,168,21,1551
"Mountcastle, Ryan",663624,0.9989647372189336,0.9989647372189336,1.844620550006193,,-0.8456558127872598,,,,,2944,0,2944,0,0,0,0,0,0
"Adames, Willy",642715,0.9825723191669854,0.9825723191669854,0.06968899007082138,0.022348567417287864,0.890534761678876,,,,,4219,0,0,0,0,4219,0,0,0
"Rodgers, Brendan",663898,0.9825496068276013,0.9825496068276013,-2.0280253330535167,-0.16669114983706157,3.1772660897181804,,,,,3279,0,0,3279,0,0,0,0,0
"Cabrera, Oswaldo",665828,0.8501516567137894,0.8501516567137894,1.747578352010926,0.17427739900912967,-1.0717040943062666,,,,,2260,0,172,232,1699,108,18,0,30
"Gurriel Jr., Lourdes",666971,0.8420477000718211,0.8420477000718211,2.456276373904655,-1.6142286738328346,,,,,,3180,0,3,0,0,0,3177,0,0
"Goldschmidt, Paul",502671,0.7830205423365513,0.7830205423365513,0.025374649309607145,,0.7576458930269454,,,,,3939,0,3939,0,0,0,0,0,0
"Moniak, Mickey",666160,0.776578969439856,0.776578969439856,1.1976834476985934,-0.42110447825873787,,,,,,2796,0,0,0,0,0,21,2400,375
"Bogaerts, Xander",593428,0.7733816318507797,0.7733816318507797,3.8216361414589626,,-3.048254509608182,,,,,2663,0,0,2207,0,456,0,0,0
"Fraley, Jake",641584,0.6530193781884606,0.6530193781884606,0.710372240812833,-0.05735286262437165,,,,,,2330,0,0,0,0,0,93,9,2228
"Murphy, Sean",669221,0.5643022831545608,,,,,0.5643022831545608,-0.9813198388723058,-1.1092112139308052,2.6548333359576723,1782,1782,0,0,0,0,0,0,0
"Lowe, Brandon",664040,0.5309325010660569,0.5309325010660569,-0.1468669207573384,-0.058553230203727935,0.7363526520271244,,,,,1666,0,288,1378,0,0,0,0,0
"Freeman, Freddie",518692,0.5235147535405387,0.5235147535405387,0.9349590342189578,-0.13231568681512365,-0.2791285938632952,,,,,3811,0,3811,0,0,0,0,0,0
"Bleday, JJ",668709,0.5109032770144337,0.5109032770144337,-2.6023684898672097,3.113271766881643,,,,,,3885,0,0,0,0,0,0,3885,0
"Pérez, Wenceel",672761,0.4539398640177689,0.4539398640177689,3.751565801960853,-3.2976259379430872,,,,,,2539,0,0,0,0,0,60,538,1941
"Bichette, Bo",666182,0.4075350858660487,0.4075350858660487,0.7177211789083373,0.006344571754361355,-0.3165306647966494,,,,,2053,0,0,0,0,2053,0,0,0
"Machado, Manny",592518,0.3324658181119462,0.3324658181119462,-0.2277488009283165,-0.005115689977459829,0.5653303090177222,,,,,2621,0,0,0,2621,0,0,0,0
"Busch, Michael",683737,0.3209682427336926,0.3209682427336926,1.0267878454157917,,-0.7058196026820984,,,,,3452,0,3397,54,1,0,0,0,0
"Cruz, Oneil",665833,0.2977070023290797,0.2977070023290797,-0.4882144930299128,-0.2121238243498014,0.9980453197087917,,,,,3460,0,0,0,0,2875,0,585,0
"Schneemann, Daniel",682177,0.2114897719575247,0.2114897719575247,-0.28354863021211313,0.3121965506376786,0.18284185153195912,,,,,1515,0,0,87,312,504,69,324,219
"Vargas, Ildemaro",545121,0.20200265256135758,0.20200265256135758,0.6134570875491872,-0.5028581927585131,0.09140375777068348,,,,,2038,0,3,737,896,159,237,0,0
"Bellinger, Cody",641355,0.17492225380808907,0.17492225380808907,-0.3525874176060076,0.6320093319547933,-0.10449966054069555,,,,,2780,0,398,0,0,0,3,1211,1168
"Muncy, Max",571970,0.12364298155547464,0.12364298155547464,-0.1390709851330898,,0.2627139666885644,,,,,1807,0,0,0,1807,0,0,0,0
"Castro, Willi",650489,0.0831011868732074,0.0831011868732074,-0.2982367089288917,2.0866211485341317,-1.7052832527320292,,,,,4003,0,0,859,423,1397,686,634,0
"Robert Jr., Luis",673357,0.05855808248006418,0.05855808248006418,1.2714250929286917,-1.212867010448628,,,,,,2486,0,0,0,0,0,0,2486,0
"Schuemann, Max",680474,0.05425702045174906,0.05425702045174906,-1.0975628446446035,0.5362099495758117,0.6156099155205434,,,,,3215,0,0,150,583,2365,93,21,3
"Mateo, Jorge",622761,0.03557038346979012,0.03557038346979012,-0.42856226675650383,0.04596676797071324,0.41816588225558204,,,,,1517,0,0,1373,0,93,0,51,0
"Palacios, Richie",680700,0.00851421364199071,0.00851421364199071,1.7615424934549577,-1.7907209465904241,0.037692666777456835,,,,,1936,0,0,786,30,6,417,0,697
"Keith, Colt",690993,-0.03318566616188898,-0.03318566616188898,1.3960441272775665,-0.1820628782842423,-1.247166915155213,,,,,3260,0,0,3260,0,0,0,0,0
"Paredes, Isaac",670623,-0.050288427070845354,-0.050288427070845354,-0.4666190732689831,,0.416330646198135,,,,,3685,0,363,0,3322,0,0,0,0
"Torkelson, Spencer",679529,-0.09306752025119319,-0.09306752025119319,-0.3104421279213128,0.011121516508145121,0.20625309116197416,,,,,2399,0,2399,0,0,0,0,0,0
"Drury, Brandon",592273,-0.09730752785519271,-0.09730752785519271,-1.4467754226616514,,1.3494678948064571,,,,,1970,0,296,1305,369,0,0,0,0
"McNeil, Jeff",643446,-0.1330872078070861,-0.1330872078070861,0.3794571206548999,-0.7014790033848664,0.1889346749228813,,,,,3163,0,0,2614,0,0,261,0,288
"Soto, Juan",665742,-0.3490210553135079,-0.3490210553135079,-3.1289827921906688,2.779961736877159,,,,,,3989,0,0,0,0,0,156,0,3833
"Nimmo, Brandon",607043,-0.4163162474031235,-0.4163162474031235,1.405488072294892,-1.821804319698016,,,,,,3759,0,0,0,0,0,3327,432,0
"Moore, Dylan",664238,-0.47291097829975426,-0.47291097829975426,0.4789495031308167,-0.38147331995183037,-0.5703871614787408,,,,,2976,0,121,680,685,1075,412,3,0
"Stott, Bryson",681082,-0.5013425965392383,-0.5013425965392383,0.6539453176534646,0.31559523505783116,-1.4708831492505332,,,,,3604,0,0,3396,0,208,0,0,0
"Freeman, Tyler",671289,-0.5191670039123494,-0.5191670039123494,-3.565030467859064,3.154685049662456,-0.1088215857157408,,,,,2451,0,0,78,57,123,0,2193,0
"Happ, Ian",664023,-0.5308489196381878,-0.5308489196381878,-0.8694749587381814,0.3386260390999934,,,,,,3745,0,0,0,0,0,3745,0,0
"Smith, Josh",669701,-0.6358341287855916,-0.6358341287855916,-0.8220591671857087,-0.04878347542367999,0.23500851382379778,,,,,3258,0,0,6,1964,1156,111,0,21
"Frazier, Adam",624428,-0.667417810410385,-0.667417810410385,-0.7367612070469072,-0.3412414840956496,0.4105848807321724,,,,,1509,0,4,812,105,0,108,0,480
"Butler, Lawrence",671732,-0.6837518025599966,-0.6837518025599966,-1.1204186875812296,0.43666688502123435,,,,,,2878,0,0,0,0,0,0,12,2866
"Toro, Abraham",647351,-0.7937894003858745,-0.7937894003858745,-0.25455587968106286,0.03385838442452131,-0.5730919051293349,,,,,1843,0,90,438,1291,0,24,0,0
"Joe, Connor",656582,-0.8632105030151698,-0.8632105030151698,-0.9729743619428352,1.1212345771697363,-1.0114707182420706,,,,,2450,0,1363,0,0,0,141,0,946
"Neto, Zach",687263,-0.8978108485836143,-0.8978108485836143,-4.172866838682081,0.905589210897448,2.3694667792010202,,,,,3998,0,0,0,0,3998,0,0,0
"Bauers, Jake",641343,-0.9272307822572741,-0.9272307822572741,-0.6424775499340909,-0.12254125211428787,-0.16221198020889493,,,,,1885,0,1659,0,0,0,131,0,83
"Yastrzemski, Mike",573262,-1.215939195228555,-1.215939195228555,-0.3523170073962887,-0.8636221878322661,,,,,,3129,0,0,0,0,0,0,196,2930
"Jiménez, Leo",677870,-1.2309804024129525,-1.2309804024129525,-2.2880078124318617,0.003215594349241448,1.053811815669666,,,,,1471,0,0,500,0,971,0,0,0
"Cronenworth, Jake",630105,-1.2594275423480226,-1.2594275423480226,-0.3834550376190142,-0.1300772773090607,-0.7458952274199442,,,,,3880,0,2146,1734,0,0,0,0,0
"Heim, Jonah",641680,-1.2770130851782366,,,,,-1.2770130851782366,2.5934709846303092,-4.28181392186207,0.41132985205352923,2932,2932,0,0,0,0,0,0,0
"Merrifield, Whit",593160,-1.363370207255606,-1.363370207255606,-2.0835984556880556,0.6504311339149906,0.0697971145174569,,,,,2169,0,0,1352,259,0,558,0,0
"Lux, Gavin",666158,-1.4509372885114558,-1.4509372885114558,-3.3964421007229975,0.051678426463733336,1.8938263857478075,,,,,3164,0,0,3160,0,4,0,0,0
"O'Hearn, Ryan",656811,-1.5392131352356788,-1.5392131352356788,-1.6318287289208544,0.3027070228964175,-0.21009142921124224,,,,,1673,0,1199,0,0,0,129,0,345
"Gordon, Nick",624503,-1.6080225093798144,-1.6080225093798144,-1.0090655797076777,-0.4433371575319461,-0.1556197721401914,,,,,1765,0,0,45,0,0,1480,237,3
"Duvall, Adam",594807,-1.6574323280519474,-1.6574323280519474,0.8666105171596421,-2.5240428452115893,,,,,,2055,0,0,0,0,0,885,0,1170
"d'Arnaud, Travis",518595,-1.6753770058471116,,,,,-1.6753770058471116,-1.6927760298273355,-0.6116281765762731,0.6290272005564997,2120,2120,0,0,0,0,0,0,0
"Casas, Triston",671213,-1.722766549468565,-1.722766549468565,-1.2306505046566216,,-0.4921160448119427,,,,,1536,0,1536,0,0,0,0,0,0
"Hamilton, David",666152,-1.748979679536515,-1.748979679536515,-0.7508612013196817,0.003802852825319682,-1.0019213310421522,,,,,2099,0,0,800,0,1299,0,0,0
"Biggio, Cavan",624415,-1.795458810584818,-1.795458810584818,-1.6101843228274135,-0.2773863237567066,0.09211183599930227,,,,,1524,0,259,636,376,0,0,0,253
"Walls, Taylor",670764,-1.8280682240956359,-1.8280682240956359,-2.2071696151772953,0.006408594731295896,0.37269279635036334,,,,,1876,0,0,0,0,1876,0,0,0
"Lipscomb, Trey",702358,-1.8911873139035404,-1.8911873139035404,-1.8667532842477408,0.05745297119472665,-0.08188700085052684,,,,,1489,0,70,45,1374,0,0,0,0
"Tauchman, Mike",643565,-1.901333384776914,-1.901333384776914,-0.3468283357972898,-1.5545050489796262,,,,,,1563,0,0,0,0,0,300,189,1074
"Wade Jr., LaMonte",664774,-1.9211449833824845,-1.9211449833824845,-2.4624814088303784,0.9125694482523106,-0.3712330228044158,,,,,2355,0,2229,0,0,0,27,0,99
"Steer, Spencer",668715,-1.978668175878161,-1.978668175878161,-1.8898314415994746,-0.4823740906719056,0.3935373563932186,,,,,3919,0,1485,78,0,9,2322,0,25
"Laureano, Ramón",657656,-2.0206626726396415,-2.0206626726396415,-5.95342690963639,3.932764236996748,,,,,,2026,0,0,0,0,0,630,231,1165
"Anderson, Tim",641313,-2.0251748217336667,-2.0251748217336667,-1.6345021390523593,-0.06971990319329119,-0.3209527794880146,,,,,1612,0,0,0,0,1612,0,0,0
"Kelenic, Jarred",672284,-2.0303858058821183,-2.0303858058821183,-3.2163544575578573,1.185968651675736,,,,,,3000,0,0,0,0,0,1726,1268,6
"Nootbaar, Lars",663457,-2.0874258684677773,-2.0874258684677773,0.7760583039684495,-2.863484172436226,,,,,,2589,0,0,0,0,0,699,354,1536
"Canha, Mark",592192,-2.097244510038625,-2.097244510038625,0.012442883299084884,-1.3574185264144993,-0.7522688669232096,,,,,1995,0,1126,0,3,0,555,0,311
"Cave, Jake",595909,-2.188598034596723,-2.188598034596723,-1.6309660751464197,-0.5576319594503031,,,,,,2372,0,0,0,0,0,605,129,1638
"Betts, Mookie",605141,-2.212932166439158,-2.212932166439158,-2.6512788863135826,0.7961767094630793,-0.35782998958865603,,,,,2923,0,0,315,0,1594,0,0,1014
"Díaz, Yandy",650490,-2.2364941499128657,-2.2364941499128657,-2.1685252938451827,,-0.06796885606768198,,,,,2869,0,2869,0,0,0,0,0,0
"Adell, Jo",666176,-2.353507228770517,-2.353507228770517,0.14079894303649698,-2.494306171807014,,,,,,3107,0,0,0,0,0,0,102,3005
"Lowe, Josh",666139,-2.3888894803755782,-2.3888894803755782,-1.8742014199513237,-0.5146880604242537,,,,,,2230,0,0,0,0,0,332,21,1877
"Brennan, Will",686823,-2.39231707752378,-2.39231707752378,-1.897290463870489,-0.49502661365329104,,,,,,2082,0,0,0,0,0,267,126,1689
"Schanuel, Nolan",694384,-2.412881119598593,-2.412881119598593,-3.573776913930686,,1.1608957943320914,,,,,3634,0,3634,0,0,0,0,0,0
"Suzuki, Seiya",673548,-2.4865986841176015,-2.4865986841176015,-3.1036198609221946,0.617021176804595,,,,,,1875,0,0,0,0,0,30,0,1845
"Higashioka, Kyle",543309,-2.5180159048331903,,,,,-2.5180159048331903,0.9785807205027107,-1.840660000756568,-1.655936624579331,1997,1997,0,0,0,0,0,0,0
"Amaya, Miguel",665804,-2.5322189192278355,,,,,-2.5322189192278355,-3.5043111348819425,-2.0421626789929825,3.0142548946470886,2717,2717,0,0,0,0,0,0,0
"Albies, Ozzie",645277,-2.568291133352962,-2.568291133352962,-0.8654802824632313,0.013820054505203527,-1.7166309053949345,,,,,2627,0,0,2627,0,0,0,0,0
"Báez, Javier",595879,-2.5702949191421967,-2.5702949191421967,-0.810732390744325,-0.0016675034751980331,-1.7578950249226757,,,,,2017,0,0,0,0,2017,0,0,0
"Sosa, Lenyn",672820,-2.6498969749388794,-2.6498969749388794,-4.07457435218578,0.38468353426976126,1.0399938429771376,,,,,2422,0,6,1123,1293,0,0,0,0
"Vierling, Matt",663837,-2.6652927062254754,-2.6652927062254754,-0.5053128958181372,-1.1947155939727527,-0.9652642164345856,,,,,3331,0,6,0,1108,0,273,1203,741
"Renfroe, Hunter",592669,-2.6670206955338966,-2.6670206955338966,-4.8082447705512115,2.141224075017315,,,,,,2804,0,3,0,0,0,0,0,2801
"India, Jonathan",663697,-2.6741808322790224,-2.6741808322790224,0.7178418806808387,0.09435997038120099,-3.4863826833410636,,,,,3411,0,0,3411,0,0,0,0,0
"Margot, Manuel",622534,-2.679466605382347,-2.679466605382347,-3.5753952094223442,0.8959286040399934,,,,,,2065,0,0,0,0,0,864,409,792
"Rivera, Emmanuel",656896,-2.7218467607349544,-2.7218467607349544,-1.408943809216455,,-1.3129029515184976,,,,,2145,0,300,0,1833,0,0,0,0
"Diaz, Yainer",673237,-2.757523962874199,-2.2176174049274593,-2.1140303728701593,,-0.10358703205729977,-0.5399065579467397,-3.4581271551939463,1.8266622991625348,1.0915582980846728,2946,2646,300,0,0,0,0,0,0
"Hoskins, Rhys",656555,-2.8295855498091833,-2.8295855498091833,-2.725833998284973,,-0.10375155152420984,,,,,2332,0,2332,0,0,0,0,0,0
"Judge, Aaron",592450,-2.8483872224677227,-2.8483872224677227,-4.776057237402921,1.9276700149351982,,,,,,3030,0,0,0,0,0,120,2709,201
"Benson, Will",666181,-2.875225952075512,-2.875225952075512,-1.9629448742891178,-0.9122810777863969,,,,,,2652,0,0,0,0,0,947,793,912
"Henderson, Gunnar",683002,-2.9203438678450673,-2.9203438678450673,-1.2834041318489002,0.10179195252890297,-1.7387316885250692,,,,,4152,0,0,0,0,4152,0,0,0
"Gorman, Nolan",669357,-2.9647616908540213,-2.9647616908540213,-4.433013108673867,0.010763873700732122,1.4574875441191133,,,,,2623,0,0,2614,9,0,0,0,0
"Jansen, Danny",643376,-3.0569137863457767,,,,,-3.0569137863457767,-3.847933468435131,-2.7259784021640696,3.5169980842534256,1963,1963,0,0,0,0,0,0,0
"Santander, Anthony",623993,-3.139903953598675,-3.139903953598675,-1.8824870442576296,-1.2574169093410463,,,,,,3361,0,3,0,0,0,0,0,3358
"Ramos, Heliot",671218,-3.183821901645417,-3.183821901645417,-4.531214855953297,1.3473929543078778,,,,,,2921,0,0,0,0,0,1280,1514,127
"Andujar, Miguel",609280,-3.237222381546806,-3.237222381546806,-6.017127945397291,2.7799055638504835,,,,,,1847,0,0,0,0,0,1847,0,0
"Riley, Austin",663586,-3.281854242570759,-3.281854242570759,-2.7968813296864266,,-0.4849729128843332,,,,,2881,0,0,0,2881,0,0,0,0
"Peña, Jeremy",665161,-3.28321791405072,-3.28321791405072,-2.120712939492722,-0.2982810555620058,-0.8642239189959913,,,,,4164,0,0,0,0,4164,0,0,0
"Bruján, Vidal",660644,-3.3805074278823537,-3.3805074278823537,-2.78844400384261,-0.6367100474023873,0.04464662336264591,,,,,1890,0,1,594,225,711,30,219,105
"Turner, Trea",607208,-3.3909121538501847,-3.3909121538501847,-2.232720126695122,0.34070226504814394,-1.498894292203205,,,,,3056,0,0,0,0,3056,0,0,0
"O'Neill, Tyler",641933,-3.4650091332776762,-3.4650091332776762,-3.556958276300256,0.0919491430225784,,,,,,2399,0,0,0,0,0,1494,0,905
"Toglia, Michael",669911,-3.4803940912727303,-3.4803940912727303,-4.079083699850386,-0.04804288172440695,0.6467324903020605,,,,,2992,0,2672,0,0,0,3,0,317
"Smith, Will",669257,-3.757619150715626,,,,,-3.757619150715626,-7.895915958105631,7.376932350507905,-3.2386355431178995,3154,3154,0,0,0,0,0,0,0
"Hays, Austin",669720,-3.837636940229706,-3.837636940229706,-2.2938289527647164,-1.543807987464988,,,,,,1625,0,0,0,0,0,1612,0,13
"Espinal, Santiago",669289,-3.9421861950742665,-3.9421861950742665,-2.9348502139365147,0.061284067108898596,-1.0686200482466508,,,,,2450,0,0,735,1514,102,57,0,42
"Conforto, Michael",624424,-3.9485609040429273,-3.9485609040429273,-3.1484485293298157,-0.8001123747131106,,,,,,2505,0,0,0,0,0,2505,0,0
"Springer, George",543807,-3.9498008018770556,-3.9498008018770556,-0.6475367247927996,-3.3022640770842546,,,,,,3116,0,0,0,0,0,0,27,3089
"Refsnyder, Rob",608701,-4.079752549158584,-4.079752549158584,-2.190276221545057,-1.889476327613529,,,,,,1486,0,0,0,0,0,893,0,593
"Fitzgerald, Tyler",666149,-4.098238221792925,-4.098238221792925,-1.3075299982574664,0.06848732282929831,-2.859195546364757,,,,,2185,0,24,114,0,1782,66,190,0
"Realmuto, J.T.",592663,-4.175728880654911,,,,,-4.175728880654911,-7.0805232785929615,3.4051649034588705,-0.5003705055208187,2614,2614,0,0,0,0,0,0,0
"Thomas, Lane",657041,-4.188807797516207,-4.188807797516207,-5.742451218259606,1.553643420743403,,,,,,3197,0,0,0,0,0,0,972,2225
"Taylor, Chris",621035,-4.228992107773765,-4.228992107773765,-3.2843139740741076,-1.0740494002156695,0.129371266516012,,,,,1692,0,0,372,423,0,816,81,0
"Tellez, Rowdy",642133,-4.231449716853756,-4.231449716853756,-4.011741116097955,,-0.21970860075580084,,,,,2724,0,2716,0,0,0,0,0,0
"Raley, Luke",670042,-4.232792582818163,-4.232792582818163,-4.669570041583664,0.49986501464004685,-0.06308755587454569,,,,,2895,0,825,0,0,0,1271,144,655
"Jones, Nolan",666134,-4.249809428727018,-4.249809428727018,-5.301339835320864,1.0515304065938436,,,,,,1751,0,0,0,0,0,1751,0,0
"De La Cruz, Bryan",650559,-4.383931717699778,-4.383931717699778,-6.250772688742548,1.8668409710427687,,,,,,2504,0,0,0,0,0,1329,0,1175
"Nevin, Tyler",663527,-4.454299494215695,-4.454299494215695,-4.426316006806132,-0.39698673487393044,0.3690032474643672,,,,,1626,0,633,0,453,0,198,0,342
"Pagés, Pedro",686780,-4.463620412976603,,,,,-4.463620412976603,-2.920544319016264,-2.186213902260784,0.6431378083004414,1631,1628,3,0,0,0,0,0,0
"Altuve, Jose",514888,-4.519895888246345,-4.519895888246345,-6.253694138030247,,1.7337982497839057,,,,,3786,0,0,3786,0,0,0,0,0
"McCann, James",543510,-4.574464476209699,,,,,-4.574464476209699,-3.389363256781171,0.24339440109065827,-1.4284956205191863,1682,1679,0,0,0,0,0,0,0
"Westburg, Jordan",676059,-4.577721077562355,-4.577721077562355,-3.2235841407786596,0.23563736431322782,-1.589774301096924,,,,,2803,0,0,1145,1628,30,0,0,0
"Winker, Jesse",608385,-4.733721157656781,-4.733721157656781,-8.333382046491272,3.599660888834488,,,,,,2012,0,0,0,0,0,1700,0,312
"Wood, James",695578,-4.771786134505061,-4.771786134505061,-4.730931385252541,-0.040854749252520084,,,,,,2093,0,0,0,0,0,2093,0,0
"Miranda, Jose",669304,-4.915453896153635,-4.915453896153635,-5.282383626008254,,0.36692972985462147,,,,,2171,0,301,0,1864,6,0,0,0
"Julien, Edouard",666397,-5.111010818393046,-5.111010818393046,-3.2774725584824673,0.23985897584103053,-2.0733972357516093,,,,,1873,0,6,1867,0,0,0,0,0
"Friedl, TJ",670770,-5.1410158666903705,-5.1410158666903705,-4.102586909321045,-1.038428957369324,,,,,,2034,0,0,0,0,0,0,2034,0
"Pham, Tommy",502054,-5.151929626459187,-5.151929626459187,-2.3166788051356635,-2.8352508213235215,,,,,,2664,0,0,0,0,0,832,669,1163
"Stallings, Jacob",607732,-5.2231683718448725,,,,,-5.2231683718448725,-6.090938280705282,-1.6422228217836194,2.50999273064403,1811,1811,0,0,0,0,0,0,0
"Haniger, Mitch",571745,-5.2525132210399414,-5.2525132210399414,-4.381777082082791,-0.8707361389571507,,,,,,2107,0,0,0,0,0,0,0,2107
"Devers, Rafael",646240,-5.337094250963609,-5.337094250963609,-4.469756770154177,,-0.8673374808094323,,,,,3415,0,0,0,3415,0,0,0,0
"Burger, Jake",669394,-5.433190313187282,-5.433190313187282,-4.489945729515938,,-0.943244583671341,,,,,2848,0,1387,0,1461,0,0,0,0
"Burleson, Alec",676475,-5.501776257211104,-5.501776257211104,-7.0922933073808165,1.3565599281741845,0.23395712199552268,,,,,2014,0,351,0,0,0,691,0,972
"Melendez, MJ",669004,-5.52173254455314,-5.52173254455314,-5.443068156211789,-0.07866438834135173,,,,,,2894,0,3,0,0,0,2819,0,72
"Singleton, Jon",572138,-5.848830086056654,-5.848830086056654,-5.24525850360085,,-0.6035715824558046,,,,,2306,0,2306,0,0,0,0,0,0
"Rengifo, Luis",650859,-5.868016998725332,-5.868016998725332,-5.154584881191261,,-0.7134321175340722,,,,,1868,0,0,734,1104,27,0,0,3
"Bart, Joey",663698,-6.101344888621527,,,,,-6.101344888621527,-4.679254645444745,-0.15941571396314375,-1.2626745292136372,1635,1635,0,0,0,0,0,0,0
"Profar, Jurickson",595777,-6.145520141308017,-6.145520141308017,-5.4341156470944805,-0.6817268699120774,-0.029677624301459593,,,,,3665,0,54,0,0,0,3611,0,0
"Vientos, Mark",668901,-6.323622238112927,-6.323622238112927,-4.645136395449072,0.01040529968006472,-1.6888911423439215,,,,,2716,0,75,0,2641,0,0,0,0
"Rosario, Amed",642708,-6.453319512205633,-6.453319512205633,-6.307431798000829,-0.10485203249029337,-0.04103568171451495,,,,,1697,0,0,544,300,303,0,0,550
"Guerrero Jr., Vladimir",665489,-6.472175971470793,-6.472175971470793,-7.0156603707056115,,0.543484399234818,,,,,3379,0,3079,0,300,0,0,0,0
"Sheets, Gavin",657757,-6.863458445458662,-6.863458445458662,-5.999819250724522,-0.5979715446100745,-0.2656676501240699,,,,,2086,0,1076,0,0,0,0,0,1010
"Vaughn, Andrew",683734,-6.869753476553435,-6.869753476553435,-6.426320746254077,,-0.44343273029935837,,,,,3178,0,3178,0,0,0,0,0,0
"Bell, Josh",605137,-6.891709512743553,-6.891709512743553,-6.817525008359717,,-0.074184504383835,,,,,2439,0,2439,0,0,0,0,0,0
"Alonso, Pete",624413,-6.943635027140728,-6.943635027140728,-5.824387825871352,,-1.1192472012693782,,,,,4237,0,4237,0,0,0,0,0,0
"Marte, Starling",516782,-6.97237804039902,-6.97237804039902,-7.387565983629784,0.41518794323075997,,,,,,2041,0,0,0,0,0,0,0,2041
"Stephenson, Tyler",663886,-7.20392441597823,,,,,-7.20392441597823,-4.334942376526593,-2.440241864868124,-0.4287401745835169,3003,3003,0,0,0,0,0,0,0
"Rosario, Eddie",592696,-7.29475599366277,-7.29475599366277,-4.708077894161856,-2.586678099500913,,,,,,1778,0,0,0,0,0,991,224,563
"Carlson, Dylan",666185,-7.312820179806836,-7.312820179806836,-6.65762671748781,-0.6551934623190282,,,,,,1675,0,0,0,0,0,720,377,578
"Ruiz, Keibert",660688,-7.325890303224525,,,,,-7.325890303224525,-2.9939904858389976,-3.8976088480487783,-0.4342909693367449,2915,2915,0,0,0,0,0,0,0
"Arozarena, Randy",668227,-7.360682771897651,-7.360682771897651,-4.947638132933468,-2.413044638964178,,,,,,3742,0,0,0,0,0,3567,175,0
"Edwards, Xavier",669364,-7.480066695690163,-7.480066695690163,-7.808268411185876,-0.08522162473196988,0.4134233402276821,,,,,1797,0,0,27,0,1770,0,0,0
"Suwinski, Jack",669261,-7.491675491169059,-7.491675491169059,-6.243210498664993,-1.2484649925040692,,,,,,1853,0,0,0,0,0,693,1024,136
"Brown, Seth",664913,-7.495046365681493,-7.495046365681493,-4.975366590942028,-2.8196150608674224,0.29993528612795445,,,,,2588,0,862,0,0,0,1081,3,642
"Urías, Ramón",602104,-7.513911339754596,-7.513911339754596,-6.959490488818254,,-0.5544208509363429,,,,,2108,0,30,48,2030,0,0,0,0
"Polanco, Jorge",593871,-7.538901664687418,-7.538901664687418,-7.399968942771009,,-0.13893272191640615,,,,,2776,0,0,2776,0,0,0,0,0
"Torres, Gleyber",650402,-7.540517613603753,-7.540517613603753,-5.172513996196075,,-2.368003617407678,,,,,4028,0,0,4028,0,0,0,0,0
"Candelario, Jeimer",600869,-7.63137670094577,-7.63137670094577,-6.8446078836494495,,-0.7867688172963233,,,,,2069,0,704,0,1365,0,0,0,0
"Lee, Korey",686676,-7.807835966472158,,,,,-7.807835966472158,-7.827874088341862,2.1667362343371894,-2.146698112467486,2515,2515,0,0,0,0,0,0,0
"France, Ty",664034,-7.967888266323281,-7.967888266323281,-8.923162527061695,,0.9552742607384118,,,,,3318,0,3315,3,0,0,0,0,0
"Jeffers, Ryan",680777,-8.082087769228451,,,,,-8.082087769228451,-8.085627536977924,1.0764804402445198,-1.072940672495048,2161,2161,0,0,0,0,0,0,0
"Martin, Austin",668885,-8.505456777304028,-8.505456777304028,-6.183224880166936,-1.484262678940454,-0.8379692181966402,,,,,1836,0,0,282,0,0,721,833,0
"Benintendi, Andrew",643217,-9.206038455179657,-9.206038455179657,-4.49620583723037,-4.709832617949288,,,,,,3093,0,0,0,0,0,3090,3,0
"Arraez, Luis",650333,-9.495984699291101,-9.495984699291101,-9.300987250901297,0.028624608532163993,-0.22362205692196468,,,,,2616,0,1599,1017,0,0,0,0,0
"Hernández, Teoscar",606192,-10.296412343619156,-10.296412343619156,-8.775813735592237,-1.5205986080269258,,,,,,3924,0,0,0,0,0,2615,0,1309
"García, Adolis",666969,-10.66944595893323,-10.66944595893323,-10.87296443614508,0.20351847721184352,,,,,,3374,0,0,0,0,0,0,0,3374
"Reynolds, Bryan",668804,-12.214126110450852,-12.214126110450852,-11.25968105686555,-0.9544450535853032,,,,,,3521,0,0,0,0,0,3050,0,471
"Morel, Christopher",666624,-12.453881649251354,-12.453881649251354,-10.793886077238819,-0.5130258184270796,-1.14696975358546,,,,,2540,0,0,552,1737,0,251,0,0
"Langeliers, Shea",669127,-12.846308649247302,,,,,-12.846308649247302,-9.562495629826438,3.1976924307727996,-6.481505450193671,3326,3326,0,0,0,0,0,0,0
"Campusano, Luis",669134,-13.021544600254366,-0.00006690527168045257,-0.00006690527168045257,,,-13.021477694982686,-7.600237078462743,-2.8406113003305435,-2.5806293161894005,2021,2012,9,0,0,0,0,0,0
"Castellanos, Nick",592206,-13.516842149650616,-13.516842149650616,-7.41409359448853,-6.102748555162088,,,,,,4091,0,0,0,0,0,0,0,4091
"Wong, Connor",657136,-14.377605758785675,-3.5264611633144036,-3.1649002069326935,,-0.3615609563817097,-10.851144595471274,-8.186349711406502,0.5775333360448107,-3.2423282201095835,2892,2635,194,57,0,0,6,0,0
"Abrams, CJ",682928,-14.43652099634967,-14.43652099634967,-13.15896817732838,-0.001643544787340559,-1.2759092742339422,,,,,3512,0,0,0,0,3512,0,0,0